ns=2;s=CloudDataSolution.CloudSolution.BasicConfiguration.InternetAddress, , , , 100, -1
ns=2;s=CloudDataSolution.CloudSolution.BasicConfiguration.SamplingInterval, , , , 100, -1
ns=2;s=CloudDataSolution.EdgeGWSolution.Edge_GW.BasicConfiguration.NetworkConnection, , , , 100, -1
ns=2;s=CloudDataSolution.EdgeGWSolution.Edge_GW.BasicConfiguration.SamplingInterval, , , , 100, -1
ns=2;s=CloudDataSolution.EdgeGWSolution.Edge_GW.FieldDevice_1.BasicConfiguration.NetworkConnection, , , , 100, -1
ns=2;s=CloudDataSolution.EdgeGWSolution.Edge_GW.FieldDevice_1.BasicConfiguration.SamplingInterval, , , , 100, -1
ns=2;s=CloudDataSolution.EdgeGWSolution.Edge_GW.FieldDevice_2.BasicConfiguration.NetworkConnection, , , , 100, -1
ns=2;s=CloudDataSolution.EdgeGWSolution.Edge_GW.FieldDevice_2.BasicConfiguration.SamplingInterval, , , , 100, -1
