<?xml version='1.0' encoding='utf-8'?>
<UANodeSet xmlns:xsi="http://www.w3.org/2001/XMLSchema-instance" xmlns:uax="http://opcfoundation.org/UA/2008/02/Types.xsd" xmlns:xsd="http://www.w3.org/2001/XMLSchema" xmlns="http://opcfoundation.org/UA/2011/03/UANodeSet.xsd">
  <NamespaceUris>
    <Uri>urn:open62541.server.application</Uri>
    <Uri>https://www.smart-factory.kr/datasolution</Uri>
  </NamespaceUris>
  <Aliases>
    <Alias Alias="Float">i=10</Alias>
    <Alias Alias="String">i=12</Alias>
    <Alias Alias="Organizes">i=35</Alias>
    <Alias Alias="HasTypeDefinition">i=40</Alias>
    <Alias Alias="HasComponent">i=47</Alias>
  </Aliases>
  <UAObject NodeId="ns=1;s=vNS" BrowseName="1:vNS" ParentNodeId="i=85">
    <DisplayName>vNS</DisplayName>
    <Description>vNS</Description>
    <References>
      <Reference ReferenceType="Organizes" IsForward="false">i=85</Reference>
      <Reference ReferenceType="HasTypeDefinition">i=58</Reference>
    </References>
  </UAObject>
  <UAObject NodeId="ns=2;s=CloudDataSolution" BrowseName="2:CloudDataSolution" ParentNodeId="i=85">
    <DisplayName>CloudDataSolution</DisplayName>
    <Description>CloudDataSolution</Description>
    <References>
      <Reference ReferenceType="Organizes" IsForward="false">i=85</Reference>
      <Reference ReferenceType="HasTypeDefinition">i=58</Reference>
      <Reference ReferenceType="HasComponent">ns=2;s=CloudDataSolution.CloudSolution</Reference>
      <Reference ReferenceType="HasComponent">ns=2;s=CloudDataSolution.EdgeGWSolution</Reference>
    </References>
  </UAObject>
  <UAObject NodeId="ns=2;s=CloudDataSolution.CloudSolution" BrowseName="2:CloudSolution" ParentNodeId="ns=2;s=CloudDataSolution">
    <DisplayName>CloudSolution</DisplayName>
    <Description>CloudSolution</Description>
    <References>
      <Reference ReferenceType="HasComponent" IsForward="false">ns=2;s=CloudDataSolution</Reference>
      <Reference ReferenceType="HasTypeDefinition">i=58</Reference>
      <Reference ReferenceType="HasComponent">ns=2;s=CloudDataSolution.CloudSolution.BasicConfiguration</Reference>
    </References>
  </UAObject>
  <UAObject NodeId="ns=2;s=CloudDataSolution.CloudSolution.BasicConfiguration" BrowseName="2:BasicConfiguration" ParentNodeId="ns=2;s=CloudDataSolution.CloudSolution">
    <DisplayName>BasicConfiguration</DisplayName>
    <Description>BasicConfiguration</Description>
    <References>
      <Reference ReferenceType="HasComponent" IsForward="false">ns=2;s=CloudDataSolution.CloudSolution</Reference>
      <Reference ReferenceType="HasTypeDefinition">i=58</Reference>
      <Reference ReferenceType="HasComponent">ns=2;s=CloudDataSolution.CloudSolution.BasicConfiguration.InternetAddress</Reference>
      <Reference ReferenceType="HasComponent">ns=2;s=CloudDataSolution.CloudSolution.BasicConfiguration.SamplingInterval</Reference>
    </References>
  </UAObject>
  <UAVariable NodeId="ns=2;s=CloudDataSolution.CloudSolution.BasicConfiguration.InternetAddress" BrowseName="2:InternetAddress" ParentNodeId="ns=2;s=CloudDataSolution.CloudSolution.BasicConfiguration" DataType="String">
    <DisplayName>InternetAddress</DisplayName>
    <Description>InternetAddress</Description>
    <References>
      <Reference ReferenceType="HasComponent" IsForward="false">ns=2;s=CloudDataSolution.CloudSolution.BasicConfiguration</Reference>
      <Reference ReferenceType="HasTypeDefinition">i=63</Reference>
    </References>
  </UAVariable>
  <UAVariable NodeId="ns=2;s=CloudDataSolution.CloudSolution.BasicConfiguration.SamplingInterval" BrowseName="2:SamplingInterval" ParentNodeId="ns=2;s=CloudDataSolution.CloudSolution.BasicConfiguration" DataType="Float">
    <DisplayName>SamplingInterval</DisplayName>
    <Description>SamplingInterval</Description>
    <References>
      <Reference ReferenceType="HasComponent" IsForward="false">ns=2;s=CloudDataSolution.CloudSolution.BasicConfiguration</Reference>
      <Reference ReferenceType="HasTypeDefinition">i=63</Reference>
    </References>
  </UAVariable>
  <UAObject NodeId="ns=2;s=CloudDataSolution.EdgeGWSolution" BrowseName="2:EdgeGWSolution" ParentNodeId="ns=2;s=CloudDataSolution">
    <DisplayName>EdgeGWSolution</DisplayName>
    <Description>EdgeGWSolution</Description>
    <References>
      <Reference ReferenceType="HasComponent" IsForward="false">ns=2;s=CloudDataSolution</Reference>
      <Reference ReferenceType="HasTypeDefinition">i=58</Reference>
      <Reference ReferenceType="HasComponent">ns=2;s=CloudDataSolution.EdgeGWSolution.Edge_GW</Reference>
    </References>
  </UAObject>
  <UAObject NodeId="ns=2;s=CloudDataSolution.EdgeGWSolution.Edge_GW" BrowseName="2:Edge_GW" ParentNodeId="ns=2;s=CloudDataSolution.EdgeGWSolution">
    <DisplayName>Edge_GW</DisplayName>
    <Description>Edge_GW</Description>
    <References>
      <Reference ReferenceType="HasComponent" IsForward="false">ns=2;s=CloudDataSolution.EdgeGWSolution</Reference>
      <Reference ReferenceType="HasTypeDefinition">i=58</Reference>
      <Reference ReferenceType="HasComponent">ns=2;s=CloudDataSolution.EdgeGWSolution.Edge_GW.BasicConfiguration</Reference>
      <Reference ReferenceType="HasComponent">ns=2;s=CloudDataSolution.EdgeGWSolution.Edge_GW.FieldDevice_1</Reference>
      <Reference ReferenceType="HasComponent">ns=2;s=CloudDataSolution.EdgeGWSolution.Edge_GW.FieldDevice_2</Reference>
    </References>
  </UAObject>
  <UAObject NodeId="ns=2;s=CloudDataSolution.EdgeGWSolution.Edge_GW.BasicConfiguration" BrowseName="2:BasicConfiguration" ParentNodeId="ns=2;s=CloudDataSolution.EdgeGWSolution.Edge_GW">
    <DisplayName>BasicConfiguration</DisplayName>
    <Description>BasicConfiguration</Description>
    <References>
      <Reference ReferenceType="HasComponent" IsForward="false">ns=2;s=CloudDataSolution.EdgeGWSolution.Edge_GW</Reference>
      <Reference ReferenceType="HasTypeDefinition">i=58</Reference>
      <Reference ReferenceType="HasComponent">ns=2;s=CloudDataSolution.EdgeGWSolution.Edge_GW.BasicConfiguration.NetworkConnection</Reference>
      <Reference ReferenceType="HasComponent">ns=2;s=CloudDataSolution.EdgeGWSolution.Edge_GW.BasicConfiguration.SamplingInterval</Reference>
    </References>
  </UAObject>
  <UAVariable NodeId="ns=2;s=CloudDataSolution.EdgeGWSolution.Edge_GW.BasicConfiguration.NetworkConnection" BrowseName="2:NetworkConnection" ParentNodeId="ns=2;s=CloudDataSolution.EdgeGWSolution.Edge_GW.BasicConfiguration" DataType="String">
    <DisplayName>NetworkConnection</DisplayName>
    <Description>NetworkConnection</Description>
    <References>
      <Reference ReferenceType="HasComponent" IsForward="false">ns=2;s=CloudDataSolution.EdgeGWSolution.Edge_GW.BasicConfiguration</Reference>
      <Reference ReferenceType="HasTypeDefinition">i=63</Reference>
    </References>
  </UAVariable>
  <UAVariable NodeId="ns=2;s=CloudDataSolution.EdgeGWSolution.Edge_GW.BasicConfiguration.SamplingInterval" BrowseName="2:SamplingInterval" ParentNodeId="ns=2;s=CloudDataSolution.EdgeGWSolution.Edge_GW.BasicConfiguration" DataType="Float">
    <DisplayName>SamplingInterval</DisplayName>
    <Description>SamplingInterval</Description>
    <References>
      <Reference ReferenceType="HasComponent" IsForward="false">ns=2;s=CloudDataSolution.EdgeGWSolution.Edge_GW.BasicConfiguration</Reference>
      <Reference ReferenceType="HasTypeDefinition">i=63</Reference>
    </References>
  </UAVariable>
  <UAObject NodeId="ns=2;s=CloudDataSolution.EdgeGWSolution.Edge_GW.FieldDevice_1" BrowseName="2:FieldDevice_1" ParentNodeId="ns=2;s=CloudDataSolution.EdgeGWSolution.Edge_GW">
    <DisplayName>FieldDevice_1</DisplayName>
    <Description>FieldDevice_1</Description>
    <References>
      <Reference ReferenceType="HasComponent" IsForward="false">ns=2;s=CloudDataSolution.EdgeGWSolution.Edge_GW</Reference>
      <Reference ReferenceType="HasTypeDefinition">i=58</Reference>
      <Reference ReferenceType="HasComponent">ns=2;s=CloudDataSolution.EdgeGWSolution.Edge_GW.FieldDevice_1.BasicConfiguration</Reference>
    </References>
  </UAObject>
  <UAObject NodeId="ns=2;s=CloudDataSolution.EdgeGWSolution.Edge_GW.FieldDevice_1.BasicConfiguration" BrowseName="2:BasicConfiguration" ParentNodeId="ns=2;s=CloudDataSolution.EdgeGWSolution.Edge_GW.FieldDevice_1">
    <DisplayName>BasicConfiguration</DisplayName>
    <Description>BasicConfiguration</Description>
    <References>
      <Reference ReferenceType="HasComponent" IsForward="false">ns=2;s=CloudDataSolution.EdgeGWSolution.Edge_GW.FieldDevice_1</Reference>
      <Reference ReferenceType="HasTypeDefinition">i=58</Reference>
      <Reference ReferenceType="HasComponent">ns=2;s=CloudDataSolution.EdgeGWSolution.Edge_GW.FieldDevice_1.BasicConfiguration.NetworkConnection</Reference>
      <Reference ReferenceType="HasComponent">ns=2;s=CloudDataSolution.EdgeGWSolution.Edge_GW.FieldDevice_1.BasicConfiguration.SamplingInterval</Reference>
    </References>
  </UAObject>
  <UAVariable NodeId="ns=2;s=CloudDataSolution.EdgeGWSolution.Edge_GW.FieldDevice_1.BasicConfiguration.NetworkConnection" BrowseName="2:NetworkConnection" ParentNodeId="ns=2;s=CloudDataSolution.EdgeGWSolution.Edge_GW.FieldDevice_1.BasicConfiguration" DataType="String">
    <DisplayName>NetworkConnection</DisplayName>
    <Description>NetworkConnection</Description>
    <References>
      <Reference ReferenceType="HasComponent" IsForward="false">ns=2;s=CloudDataSolution.EdgeGWSolution.Edge_GW.FieldDevice_1.BasicConfiguration</Reference>
      <Reference ReferenceType="HasTypeDefinition">i=63</Reference>
    </References>
  </UAVariable>
  <UAVariable NodeId="ns=2;s=CloudDataSolution.EdgeGWSolution.Edge_GW.FieldDevice_1.BasicConfiguration.SamplingInterval" BrowseName="2:SamplingInterval" ParentNodeId="ns=2;s=CloudDataSolution.EdgeGWSolution.Edge_GW.FieldDevice_1.BasicConfiguration" DataType="Float">
    <DisplayName>SamplingInterval</DisplayName>
    <Description>SamplingInterval</Description>
    <References>
      <Reference ReferenceType="HasComponent" IsForward="false">ns=2;s=CloudDataSolution.EdgeGWSolution.Edge_GW.FieldDevice_1.BasicConfiguration</Reference>
      <Reference ReferenceType="HasTypeDefinition">i=63</Reference>
    </References>
  </UAVariable>
  <UAObject NodeId="ns=2;s=CloudDataSolution.EdgeGWSolution.Edge_GW.FieldDevice_2" BrowseName="2:FieldDevice_2" ParentNodeId="ns=2;s=CloudDataSolution.EdgeGWSolution.Edge_GW">
    <DisplayName>FieldDevice_2</DisplayName>
    <Description>FieldDevice_2</Description>
    <References>
      <Reference ReferenceType="HasComponent" IsForward="false">ns=2;s=CloudDataSolution.EdgeGWSolution.Edge_GW</Reference>
      <Reference ReferenceType="HasTypeDefinition">i=58</Reference>
      <Reference ReferenceType="HasComponent">ns=2;s=CloudDataSolution.EdgeGWSolution.Edge_GW.FieldDevice_2.BasicConfiguration</Reference>
    </References>
  </UAObject>
  <UAObject NodeId="ns=2;s=CloudDataSolution.EdgeGWSolution.Edge_GW.FieldDevice_2.BasicConfiguration" BrowseName="2:BasicConfiguration" ParentNodeId="ns=2;s=CloudDataSolution.EdgeGWSolution.Edge_GW.FieldDevice_2">
    <DisplayName>BasicConfiguration</DisplayName>
    <Description>BasicConfiguration</Description>
    <References>
      <Reference ReferenceType="HasComponent" IsForward="false">ns=2;s=CloudDataSolution.EdgeGWSolution.Edge_GW.FieldDevice_2</Reference>
      <Reference ReferenceType="HasTypeDefinition">i=58</Reference>
      <Reference ReferenceType="HasComponent">ns=2;s=CloudDataSolution.EdgeGWSolution.Edge_GW.FieldDevice_2.BasicConfiguration.NetworkConnection</Reference>
      <Reference ReferenceType="HasComponent">ns=2;s=CloudDataSolution.EdgeGWSolution.Edge_GW.FieldDevice_2.BasicConfiguration.SamplingInterval</Reference>
    </References>
  </UAObject>
  <UAVariable NodeId="ns=2;s=CloudDataSolution.EdgeGWSolution.Edge_GW.FieldDevice_2.BasicConfiguration.NetworkConnection" BrowseName="2:NetworkConnection" ParentNodeId="ns=2;s=CloudDataSolution.EdgeGWSolution.Edge_GW.FieldDevice_2.BasicConfiguration" DataType="String">
    <DisplayName>NetworkConnection</DisplayName>
    <Description>NetworkConnection</Description>
    <References>
      <Reference ReferenceType="HasComponent" IsForward="false">ns=2;s=CloudDataSolution.EdgeGWSolution.Edge_GW.FieldDevice_2.BasicConfiguration</Reference>
      <Reference ReferenceType="HasTypeDefinition">i=63</Reference>
    </References>
  </UAVariable>
  <UAVariable NodeId="ns=2;s=CloudDataSolution.EdgeGWSolution.Edge_GW.FieldDevice_2.BasicConfiguration.SamplingInterval" BrowseName="2:SamplingInterval" ParentNodeId="ns=2;s=CloudDataSolution.EdgeGWSolution.Edge_GW.FieldDevice_2.BasicConfiguration" DataType="Float">
    <DisplayName>SamplingInterval</DisplayName>
    <Description>SamplingInterval</Description>
    <References>
      <Reference ReferenceType="HasComponent" IsForward="false">ns=2;s=CloudDataSolution.EdgeGWSolution.Edge_GW.FieldDevice_2.BasicConfiguration</Reference>
      <Reference ReferenceType="HasTypeDefinition">i=63</Reference>
    </References>
  </UAVariable>
</UANodeSet>
