{
	"namespaces":
	[
		{ "ns_index":1, "ns":"urn:open62541.server.application", "aas_id":"-" },
		{ "ns_index":2, "ns":"https://www.smart-factory.kr/datasolution", "aas_id":"-" }
	],
	"system":
	[
		{
			"GatewayName": "Edge_GW",
			"NetworkConnection": "opc.tcp://192.168.0.222:4840",
			"SamplingInterval": "1000.0",
			"FieldDevices" :
			[
				{
					"DeviceName": "FieldDevice_1",
					"NetworkConnection": "opc.tcp://192.168.0.223:49320",
					"SamplingInterval": "1000.0"
				},
				{
					"DeviceName": "FieldDevice_2",
					"NetworkConnection": "opc.tcp://192.168.0.224:49320",
					"SamplingInterval": "1000.0"
				}
			]
		}
	]
}