<?xml version="1.0"?>
<aas:aasenv xmlns:IEC="http://www.admin-shell.io/IEC61360/2/0" xmlns:xsi="http://www.w3.org/2001/XMLSchema-instance" xmlns:abac="http://www.admin-shell.io/aas/abac/2/0" xsi:schemaLocation="http://www.admin-shell.io/aas/2/0 AAS.xsd http://www.admin-shell.io/IEC61360/2/0 IEC61360.xsd" xmlns:aas="http://www.admin-shell.io/aas/2/0">
  <aas:assetAdministrationShells>
    <aas:assetAdministrationShell>
      <aas:idShort>CloudDataSolution</aas:idShort>
      <aas:identification idType="IRI">http://www.aasnest.io/ids/aas/CloudDataSolution</aas:identification>
      <aas:assetRef>
        <aas:keys>
          <aas:key type="Asset" local="true" idType="IRI">http://www.aasnest.io/ids/asset/CloudDataSolution</aas:key>
        </aas:keys>
      </aas:assetRef>
      <aas:submodelRefs>
        <aas:submodelRef>
          <aas:keys>
            <aas:key type="Submodel" local="true" idType="IRI">http://www.aasnest.io/ids/sm/CloudSolution</aas:key>
          </aas:keys>
        </aas:submodelRef>
        <aas:submodelRef>
          <aas:keys>
            <aas:key type="Submodel" local="true" idType="IRI">http://www.aasnest.io/ids/sm/EdgeGWSolution</aas:key>
          </aas:keys>
        </aas:submodelRef>
      </aas:submodelRefs>
      <aas:conceptDictionaries />
    </aas:assetAdministrationShell>
  </aas:assetAdministrationShells>
  <aas:assets>
    <aas:asset>
      <aas:idShort>CloudDataSolution</aas:idShort>
      <aas:identification idType="IRI">http://www.aasnest.io/ids/asset/CloudDataSolution</aas:identification>
      <aas:kind>Instance</aas:kind>
    </aas:asset>
  </aas:assets>
  <aas:submodels>
    <aas:submodel>
      <aas:idShort>CloudSolution</aas:idShort>
      <aas:category>CONSTANT</aas:category>
      <aas:identification idType="IRI">http://www.aasnest.io/ids/sm/CloudSolution</aas:identification>
      <aas:kind>Instance</aas:kind>
      <aas:semanticId>
        <aas:keys />
      </aas:semanticId>
      <aas:qualifier />
      <aas:submodelElements>
        <aas:submodelElement>
          <aas:submodelElementCollection>
            <aas:idShort>BasicConfiguration</aas:idShort>
            <aas:category>CONSTANT</aas:category>
            <aas:kind>Instance</aas:kind>
            <aas:semanticId>
              <aas:keys />
            </aas:semanticId>
            <aas:qualifier />
            <aas:ordered>false</aas:ordered>
            <aas:allowDuplicates>false</aas:allowDuplicates>
            <aas:value>
              <aas:submodelElement>
                <aas:property>
                  <aas:idShort>InternetAddress</aas:idShort>
                  <aas:category>PARAMETER</aas:category>
                  <aas:kind>Instance</aas:kind>
                  <aas:semanticId>
                    <aas:keys>
                      <aas:key type="ConceptDescription" local="true" idType="IRDI"> 0173-1#02-AAO695#002</aas:key>
                    </aas:keys>
                  </aas:semanticId>
                  <aas:qualifier />
                  <aas:valueType>string</aas:valueType>
                  <aas:value>192.168.0.221</aas:value>
                </aas:property>
              </aas:submodelElement>
              <aas:submodelElement>
                <aas:property>
                  <aas:idShort>SamplingInterval</aas:idShort>
                  <aas:category>PARAMETER</aas:category>
                  <aas:kind>Instance</aas:kind>
                  <aas:semanticId>
                    <aas:keys>
                      <aas:key type="ConceptDescription" local="true" idType="IRDI">0173-1#02-AAM764#003</aas:key>
                    </aas:keys>
                  </aas:semanticId>
                  <aas:qualifier />
                  <aas:valueType>float</aas:valueType>
                  <aas:value>1000.0</aas:value>
                </aas:property>
              </aas:submodelElement>
            </aas:value>
          </aas:submodelElementCollection>
        </aas:submodelElement>
      </aas:submodelElements>
    </aas:submodel>
    <aas:submodel>
      <aas:idShort>EdgeGWSolution</aas:idShort>
      <aas:category>CONSTANT</aas:category>
      <aas:identification idType="IRI">http://www.aasnest.io/ids/sm/EdgeGWSolution</aas:identification>
      <aas:kind>Instance</aas:kind>
      <aas:semanticId>
        <aas:keys />
      </aas:semanticId>
      <aas:qualifier />
      <aas:submodelElements>
        <aas:submodelElement>
          <aas:submodelElementCollection>
            <aas:idShort>Edge_GW</aas:idShort>
            <aas:category>CONSTANT</aas:category>
            <aas:kind>Instance</aas:kind>
            <aas:semanticId>
              <aas:keys />
            </aas:semanticId>
            <aas:qualifier />
            <aas:ordered>false</aas:ordered>
            <aas:allowDuplicates>false</aas:allowDuplicates>
            <aas:value>
              <aas:submodelElement>
                <aas:submodelElementCollection>
                  <aas:idShort>BasicConfiguration</aas:idShort>
                  <aas:category>CONSTANT</aas:category>
                  <aas:kind>Instance</aas:kind>
                  <aas:semanticId>
                    <aas:keys />
                  </aas:semanticId>
                  <aas:qualifier />
                  <aas:ordered>false</aas:ordered>
                  <aas:allowDuplicates>false</aas:allowDuplicates>
                  <aas:value>
                    <aas:submodelElement>
                      <aas:property>
                        <aas:idShort>NetworkConnection</aas:idShort>
                        <aas:category>PARAMETER</aas:category>
                        <aas:kind>Instance</aas:kind>
                        <aas:semanticId>
                          <aas:keys>
                            <aas:key type="ConceptDescription" local="true" idType="IdShort">OPCUAEndpoint</aas:key>
                          </aas:keys>
                        </aas:semanticId>
                        <aas:qualifier />
                        <aas:valueType>string</aas:valueType>
                        <aas:value>opc.tcp://192.168.0.222:4840</aas:value>
                      </aas:property>
                    </aas:submodelElement>
                    <aas:submodelElement>
                      <aas:property>
                        <aas:idShort>SamplingInterval</aas:idShort>
                        <aas:category>PARAMETER</aas:category>
                        <aas:kind>Instance</aas:kind>
                        <aas:semanticId>
                          <aas:keys>
                            <aas:key type="ConceptDescription" local="true" idType="IRDI">0173-1#02-AAM764#003</aas:key>
                          </aas:keys>
                        </aas:semanticId>
                        <aas:qualifier />
                        <aas:valueType>float</aas:valueType>
                        <aas:value>1000.0</aas:value>
                        <aas:valueId>
                          <aas:keys />
                        </aas:valueId>
                      </aas:property>
                    </aas:submodelElement>
                  </aas:value>
                </aas:submodelElementCollection>
              </aas:submodelElement>
              <aas:submodelElement>
                <aas:submodelElementCollection>
                  <aas:idShort>FieldDevice_1</aas:idShort>
                  <aas:category>CONSTANT</aas:category>
                  <aas:kind>Instance</aas:kind>
                  <aas:semanticId>
                    <aas:keys />
                  </aas:semanticId>
                  <aas:qualifier />
                  <aas:ordered>false</aas:ordered>
                  <aas:allowDuplicates>false</aas:allowDuplicates>
                  <aas:value>
                    <aas:submodelElement>
                      <aas:submodelElementCollection>
                        <aas:idShort>BasicConfiguration</aas:idShort>
                        <aas:category>CONSTANT</aas:category>
                        <aas:kind>Instance</aas:kind>
                        <aas:semanticId>
                          <aas:keys>
                            <aas:key type="ConceptDescription" local="true" idType="IRDI">0173-1#02-AAQ604#002</aas:key>
                          </aas:keys>
                        </aas:semanticId>
                        <aas:qualifier />
                        <aas:ordered>false</aas:ordered>
                        <aas:allowDuplicates>false</aas:allowDuplicates>
                        <aas:value>
                          <aas:submodelElement>
                            <aas:property>
                              <aas:idShort>NetworkConnection</aas:idShort>
                              <aas:category>PARAMETER</aas:category>
                              <aas:kind>Instance</aas:kind>
                              <aas:semanticId>
                                <aas:keys>
                                  <aas:key type="ConceptDescription" local="true" idType="IdShort">OPCUAEndpoint</aas:key>
                                </aas:keys>
                              </aas:semanticId>
                              <aas:qualifier />
                              <aas:valueType>string</aas:valueType>
                              <aas:value>opc.tcp://192.168.0.223:49320</aas:value>
                            </aas:property>
                          </aas:submodelElement>
                          <aas:submodelElement>
                            <aas:property>
                              <aas:idShort>SamplingInterval</aas:idShort>
                              <aas:category>PARAMETER</aas:category>
                              <aas:kind>Instance</aas:kind>
                              <aas:semanticId>
                                <aas:keys>
                                  <aas:key type="ConceptDescription" local="true" idType="IRDI">0173-1#02-AAM764#003</aas:key>
                                </aas:keys>
                              </aas:semanticId>
                              <aas:qualifier />
                              <aas:valueType>float</aas:valueType>
                              <aas:value>1000.0</aas:value>
                            </aas:property>
                          </aas:submodelElement>
                        </aas:value>
                      </aas:submodelElementCollection>
                    </aas:submodelElement>
                  </aas:value>
                </aas:submodelElementCollection>
              </aas:submodelElement>
              <aas:submodelElement>
                <aas:submodelElementCollection>
                  <aas:idShort>FieldDevice_2</aas:idShort>
                  <aas:category>CONSTANT</aas:category>
                  <aas:kind>Instance</aas:kind>
                  <aas:semanticId>
                    <aas:keys />
                  </aas:semanticId>
                  <aas:qualifier />
                  <aas:ordered>false</aas:ordered>
                  <aas:allowDuplicates>false</aas:allowDuplicates>
                  <aas:value>
                    <aas:submodelElement>
                      <aas:submodelElementCollection>
                        <aas:idShort>BasicConfiguration</aas:idShort>
                        <aas:category>CONSTANT</aas:category>
                        <aas:kind>Instance</aas:kind>
                        <aas:semanticId>
                          <aas:keys>
                            <aas:key type="ConceptDescription" local="true" idType="IRDI">0173-1#02-AAQ604#002</aas:key>
                          </aas:keys>
                        </aas:semanticId>
                        <aas:qualifier />
                        <aas:ordered>false</aas:ordered>
                        <aas:allowDuplicates>false</aas:allowDuplicates>
                        <aas:value>
                          <aas:submodelElement>
                            <aas:property>
                              <aas:idShort>NetworkConnection</aas:idShort>
                              <aas:category>PARAMETER</aas:category>
                              <aas:kind>Instance</aas:kind>
                              <aas:semanticId>
                                <aas:keys>
                                  <aas:key type="ConceptDescription" local="true" idType="IdShort">OPCUAEndpoint</aas:key>
                                </aas:keys>
                              </aas:semanticId>
                              <aas:qualifier />
                              <aas:valueType>string</aas:valueType>
                              <aas:value>opc.tcp://192.168.0.224:49320</aas:value>
                            </aas:property>
                          </aas:submodelElement>
                          <aas:submodelElement>
                            <aas:property>
                              <aas:idShort>SamplingInterval</aas:idShort>
                              <aas:category>PARAMETER</aas:category>
                              <aas:kind>Instance</aas:kind>
                              <aas:semanticId>
                                <aas:keys>
                                  <aas:key type="ConceptDescription" local="true" idType="IRDI">0173-1#02-AAM764#003</aas:key>
                                </aas:keys>
                              </aas:semanticId>
                              <aas:qualifier />
                              <aas:valueType>float</aas:valueType>
                              <aas:value>1000.0</aas:value>
                            </aas:property>
                          </aas:submodelElement>
                        </aas:value>
                      </aas:submodelElementCollection>
                    </aas:submodelElement>
                  </aas:value>
                </aas:submodelElementCollection>
              </aas:submodelElement>
            </aas:value>
          </aas:submodelElementCollection>
        </aas:submodelElement>
      </aas:submodelElements>
    </aas:submodel>
  </aas:submodels>
  <aas:conceptDescriptions>
    <aas:conceptDescription>
      <aas:idShort>SamplingInterval</aas:idShort>
      <aas:category>PARAMETER</aas:category>
      <aas:identification idType="IRDI">0173-1#02-AAM764#003</aas:identification>
      <aas:embeddedDataSpecification>
        <aas:dataSpecificationContent>
          <aas:dataSpecificationIEC61360>
            <IEC:preferredName>
              <IEC:langString lang="en">Sampling interval</IEC:langString>
            </IEC:preferredName>
            <IEC:shortName />
            <IEC:unit>ms</IEC:unit>
            <IEC:dataType>REAL_MEASURE</IEC:dataType>
            <IEC:definition>
              <IEC:langString lang="en">if is the time interval in which the processor calculates (charges) for a new issue value</IEC:langString>
            </IEC:definition>
          </aas:dataSpecificationIEC61360>
        </aas:dataSpecificationContent>
        <aas:dataSpecification>
          <aas:keys>
            <aas:key type="GlobalReference" local="false" idType="IRI">http://admin-shell.io/DataSpecificationTemplates/DataSpecificationIEC61360/2/0</aas:key>
          </aas:keys>
        </aas:dataSpecification>
      </aas:embeddedDataSpecification>
      <aas:isCaseOf>
        <aas:keys>
          <aas:key type="GlobalReference" local="false" idType="IRDI">0173-1#02-AAM764#003</aas:key>
        </aas:keys>
      </aas:isCaseOf>
    </aas:conceptDescription>
    <aas:conceptDescription>
      <aas:idShort>InternetProtocolAddress</aas:idShort>
      <aas:category>PARAMETER</aas:category>
      <aas:identification idType="IRDI">0173-1#02-AAO695#002</aas:identification>
      <aas:embeddedDataSpecification>
        <aas:dataSpecificationContent>
          <aas:dataSpecificationIEC61360>
            <IEC:preferredName>
              <IEC:langString lang="en">Internet protocol address</IEC:langString>
            </IEC:preferredName>
            <IEC:shortName />
            <IEC:unit />
            <IEC:dataType>STRING</IEC:dataType>
            <IEC:definition>
              <IEC:langString lang="en">addresses of the currently used IP comprise four bytes (integers between 0 and 255) which must be separated by periods. These integers identify the network and subnetworks as well as the computer itself. The IP addresses are generally only used internally. On the user interface, names in clear text are generally used instead. The assignment of names to addresses is carried out by a DNS. IP addresses for participation in the internet are assigned by the NIC's because they must be unique worldwide. The assignment takes place in certain network classes depending on the size of the company. The interpretation of the IP address is determined by network masks. Not all addresses (i.e. not all combinations of four integers 0-255) may be used. Many are reserved for special functions. Since with the boom in the use of the internet the number of available IP addresses will become insufficient, new IP protocols (IPv6) are under development. These use addresses with 16 bytes</IEC:langString>
            </IEC:definition>
          </aas:dataSpecificationIEC61360>
        </aas:dataSpecificationContent>
        <aas:dataSpecification>
          <aas:keys>
            <aas:key type="GlobalReference" local="false" idType="IRI">http://admin-shell.io/DataSpecificationTemplates/DataSpecificationIEC61360/2/0</aas:key>
          </aas:keys>
        </aas:dataSpecification>
      </aas:embeddedDataSpecification>
    </aas:conceptDescription>
    <aas:conceptDescription>
      <aas:idShort>OPCUAServerEndpoint</aas:idShort>
      <aas:category>CONSTANT</aas:category>
      <aas:identification idType="IdShort">OPCUAEndpoint</aas:identification>
      <aas:embeddedDataSpecification>
        <aas:dataSpecificationContent>
          <aas:dataSpecificationIEC61360>
            <IEC:preferredName>
              <IEC:langString lang="en">OPC UA Server Endpoint</IEC:langString>
            </IEC:preferredName>
            <IEC:unit />
            <IEC:dataType>STRING</IEC:dataType>
            <IEC:definition>
              <IEC:langString lang="en">A Server Endpoint is a physical address available on a network that allows clients to access one or more services provided by a server. Server endpoint is specified by its URL string.</IEC:langString>
            </IEC:definition>
          </aas:dataSpecificationIEC61360>
        </aas:dataSpecificationContent>
        <aas:dataSpecification>
          <aas:keys>
            <aas:key type="GlobalReference" local="false" idType="IRI">http://admin-shell.io/DataSpecificationTemplates/DataSpecificationIEC61360/2/0</aas:key>
          </aas:keys>
        </aas:dataSpecification>
      </aas:embeddedDataSpecification>
      <aas:isCaseOf>
        <aas:keys>
          <aas:key type="GlobalReference" local="false" idType="IRI">https://opclabs.doc-that.com/files/onlinedocs/QuickOpc/Latest/User's%20Guide%20and%20Reference-QuickOPC/Server%20Endpoints.html</aas:key>
        </aas:keys>
      </aas:isCaseOf>
    </aas:conceptDescription>
  </aas:conceptDescriptions>
</aas:aasenv>