ns=2;s=CloudDataSolution.CloudSolution.BasicConfiguration.InternetAddress, , , , 100, -1
ns=2;s=CloudDataSolution.CloudSolution.BasicConfiguration.SamplingInterval, , , , 100, -1
ns=2;s=CloudDataSolution.EdgeGWSolution.SAMBOMOTORS_GW.BasicConfiguration.NetworkConnection, , , , 100, -1
ns=2;s=CloudDataSolution.EdgeGWSolution.SAMBOMOTORS_GW.BasicConfiguration.SamplingInterval, , , , 100, -1
ns=2;s=CloudDataSolution.EdgeGWSolution.SAMBOMOTORS_GW.PressLine.BasicConfiguration.NetworkConnection, , , , 100, -1
ns=2;s=CloudDataSolution.EdgeGWSolution.SAMBOMOTORS_GW.PressLine.BasicConfiguration.SamplingInterval, , , , 100, -1
ns=2;s=Press_Line.Component.FB_320Ton_Press_1.Nameplate.ManufacturerName, , , , 100, -1
ns=2;s=Press_Line.Component.FB_320Ton_Press_1.Nameplate.ManufacturerTypName, , , , 100, -1
ns=2;s=Press_Line.Component.FB_320Ton_Press_1.Nameplate.PhysicalAddress01.CountryCode, , , , 100, -1
ns=2;s=Press_Line.Component.FB_320Ton_Press_1.Nameplate.PhysicalAddress01.Street, , , , 100, -1
ns=2;s=Press_Line.Component.FB_320Ton_Press_1.Nameplate.PhysicalAddress01.PostalCode, , , , 100, -1
ns=2;s=Press_Line.Component.FB_320Ton_Press_1.Nameplate.PhysicalAddress01.City, , , , 100, -1
ns=2;s=Press_Line.Component.FB_320Ton_Press_1.Nameplate.PhysicalAddress01.StateCounty, , , , 100, -1
ns=2;s=Press_Line.Component.FB_320Ton_Press_1.Nameplate.SerialNo, , , , 100, -1
ns=2;s=Press_Line.Component.FB_320Ton_Press_1.Nameplate.CountryOfOrigin, , , , 100, -1
ns=2;s=Press_Line.Component.FB_320Ton_Press_1.Nameplate.YearOfConstruction, , , , 100, -1
ns=2;s=Press_Line.Component.FB_320Ton_Press_1.Identification.ManufacturerName, , , , 100, -1
ns=2;s=Press_Line.Component.FB_320Ton_Press_1.Identification.ManufacturerTypName, , , , 100, -1
ns=2;s=Press_Line.Component.FB_320Ton_Press_1.Identification.ManufacturerTypDescription, , , , 100, -1
ns=2;s=Press_Line.Component.FB_320Ton_Press_1.Identification.SupplierName, , , , 100, -1
ns=2;s=Press_Line.Component.FB_320Ton_Press_1.Identification.SupplierTypName, , , , 100, -1
ns=2;s=Press_Line.Component.FB_320Ton_Press_1.Identification.SupplierTypDescription, , , , 100, -1
ns=2;s=Press_Line.Component.FB_320Ton_Press_1.Identification.AssetId, , , , 100, -1
ns=2;s=Press_Line.Component.FB_320Ton_Press_1.Identification.ManufacturingDate, , , , 100, -1
ns=2;s=Press_Line.Component.FB_320Ton_Press_1.Identification.DeviceRevision, , , , 100, -1
ns=2;s=Press_Line.Component.FB_320Ton_Press_1.Identification.SoftwareRevision, , , , 100, -1
ns=2;s=Press_Line.Component.FB_320Ton_Press_1.Identification.HardwareRevision, , , , 100, -1
ns=2;s=Press_Line.Component.FB_320Ton_Press_1.Identification.ContactInfo01.Name, , , , 100, -1
ns=2;s=Press_Line.Component.FB_320Ton_Press_1.Identification.ContactInfo01.Role, , , , 100, -1
ns=2;s=Press_Line.Component.FB_320Ton_Press_1.Identification.ContactInfo01.PhysicalAddress.CountryCode, , , , 100, -1
ns=2;s=Press_Line.Component.FB_320Ton_Press_1.Identification.ContactInfo01.PhysicalAddress.Street, , , , 100, -1
ns=2;s=Press_Line.Component.FB_320Ton_Press_1.Identification.ContactInfo01.PhysicalAddress.PostalCode, , , , 100, -1
ns=2;s=Press_Line.Component.FB_320Ton_Press_1.Identification.ContactInfo01.PhysicalAddress.City, , , , 100, -1
ns=2;s=Press_Line.Component.FB_320Ton_Press_1.Identification.ContactInfo01.PhysicalAddress.StateCountry, , , , 100, -1
ns=2;s=Press_Line.Component.FB_320Ton_Press_1.Identification.ContactInfo01.Email, , , , 100, -1
ns=2;s=Press_Line.Component.FB_320Ton_Press_1.Identification.ContactInfo01.URL, , , , 100, -1
ns=2;s=Press_Line.Component.FB_320Ton_Press_1.Identification.ContactInfo01.Phone, , , , 100, -1
ns=2;s=Press_Line.Component.FB_320Ton_Press_1.Identification.ContactInfo01.Fax, , , , 100, -1
ns=2;s=Press_Line.Component.FB_320Ton_Press_1.Identification.URL, , , , 100, -1
ns=2;s=Press_Line.Component.FB_320Ton_Press_1.OperationalData.StrokeCounter, , , , 100, -1
ns=2;s=Press_Line.Component.FB_320Ton_Press_1.OperationalData.StrokeCounter_h, , , , 100, -1
ns=2;s=Press_Line.Component.FB_320Ton_Press_1.OperationalData.OilTemperature, , , , 100, -1
ns=2;s=Press_Line.Component.FB_320Ton_Press_1.OperationalData.AI0_Vibration, , , , 100, -1
ns=2;s=Press_Line.Component.FB_320Ton_Press_1.OperationalData.AI1_Vibration, , , , 100, -1
ns=2;s=Press_Line.Component.FB_320Ton_Press_1.OperationalData.AI2_Current, , , , 100, -1
ns=2;s=Press_Line.Component.FB_320Ton_Press_1.TechnicalData.GeneralInformation.ManufacturerName, , , , 100, -1
ns=2;s=Press_Line.Component.FB_320Ton_Press_1.TechnicalData.GeneralInformation.ManufacturerProductDesignation, , , , 100, -1
ns=2;s=Press_Line.Component.FB_320Ton_Press_1.TechnicalData.TechnicalProperties.Nominal_Power, , , , 100, -1
ns=2;s=Press_Line.Component.FB_320Ton_Press_1.TechnicalData.TechnicalProperties.No._of_strokes, , , , 100, -1
ns=2;s=Press_Line.Component.FB_320Ton_Press_1.TechnicalData.TechnicalProperties.Mold_area, , , , 100, -1
ns=2;s=Press_Line.Component.FB_320Ton_Press_1.TechnicalData.TechnicalProperties.Upper_table, , , , 100, -1
ns=2;s=Press_Line.Component.FB_320Ton_Press_1.TechnicalData.TechnicalProperties.Lower_table, , , , 100, -1
ns=2;s=Press_Line.Component.FB_320Ton_Press_1.TechnicalData.TechnicalProperties.Feeding_Line_Type, , , , 100, -1
ns=2;s=Press_Line.Component.FB_320Ton_Press_1.TechnicalData.TechnicalProperties.Decoiler_Type, , , , 100, -1
ns=2;s=Press_Line.Component.FB_320Ton_Press_1.TechnicalData.TechnicalProperties.Coil_width, , , , 100, -1
ns=2;s=Press_Line.Component.FB_320Ton_Press_1.TechnicalData.TechnicalProperties.Internal_diameter_coil, , , , 100, -1
ns=2;s=Press_Line.Component.FB_320Ton_Press_1.TechnicalData.TechnicalProperties.Esternal_diameter_coil, , , , 100, -1
ns=2;s=Press_Line.Component.FB_320Ton_Press_1.TechnicalData.TechnicalProperties.Thickness_coil, , , , 100, -1
ns=2;s=Press_Line.Component.FB_320Ton_Press_1.TechnicalData.TechnicalProperties.Weight_coil, , , , 100, -1
ns=2;s=Press_Line.Component.FB_320Ton_Press_1.TechnicalData.TechnicalProperties.Straightener_Type, , , , 100, -1
ns=2;s=Press_Line.Component.FB_320Ton_Press_1.TechnicalData.TechnicalProperties.Motor_Power, , , , 100, -1
ns=2;s=Press_Line.Component.FB_320Ton_Press_1.TechnicalData.TechnicalProperties.Drive_motor, , , , 100, -1
ns=2;s=Press_Line.Component.FB_320Ton_Press_1.TechnicalData.TechnicalProperties.Motovariator, , , , 100, -1
ns=2;s=Press_Line.Component.FB_320Ton_Press_1.TechnicalData.TechnicalProperties.Coil_exit_speed, , , , 100, -1
ns=2;s=Press_Line.Component.FB_320Ton_Press_1.TechnicalData.TechnicalProperties.Traction_rollers, , , , 100, -1
ns=2;s=Press_Line.Component.FB_320Ton_Press_1.TechnicalData.TechnicalProperties.Traction_rollers2, , , , 100, -1
ns=2;s=Press_Line.Component.FB_320Ton_Press_1.TechnicalData.TechnicalProperties.Straightening_rollers, , , , 100, -1
ns=2;s=Press_Line.Component.FB_320Ton_Press_1.TechnicalData.TechnicalProperties.Motor_power_central_command, , , , 100, -1
ns=2;s=Press_Line.Component.FB_320Ton_Press_2.Nameplate.ManufacturerName, , , , 100, -1
ns=2;s=Press_Line.Component.FB_320Ton_Press_2.Nameplate.ManufacturerTypName, , , , 100, -1
ns=2;s=Press_Line.Component.FB_320Ton_Press_2.Nameplate.PhysicalAddress01.CountryCode, , , , 100, -1
ns=2;s=Press_Line.Component.FB_320Ton_Press_2.Nameplate.PhysicalAddress01.Street, , , , 100, -1
ns=2;s=Press_Line.Component.FB_320Ton_Press_2.Nameplate.PhysicalAddress01.PostalCode, , , , 100, -1
ns=2;s=Press_Line.Component.FB_320Ton_Press_2.Nameplate.PhysicalAddress01.City, , , , 100, -1
ns=2;s=Press_Line.Component.FB_320Ton_Press_2.Nameplate.PhysicalAddress01.StateCounty, , , , 100, -1
ns=2;s=Press_Line.Component.FB_320Ton_Press_2.Nameplate.SerialNo, , , , 100, -1
ns=2;s=Press_Line.Component.FB_320Ton_Press_2.Nameplate.CountryOfOrigin, , , , 100, -1
ns=2;s=Press_Line.Component.FB_320Ton_Press_2.Nameplate.YearOfConstruction, , , , 100, -1
ns=2;s=Press_Line.Component.FB_320Ton_Press_2.Identification.ManufacturerName, , , , 100, -1
ns=2;s=Press_Line.Component.FB_320Ton_Press_2.Identification.ManufacturerTypName, , , , 100, -1
ns=2;s=Press_Line.Component.FB_320Ton_Press_2.Identification.ManufacturerTypDescription, , , , 100, -1
ns=2;s=Press_Line.Component.FB_320Ton_Press_2.Identification.SupplierName, , , , 100, -1
ns=2;s=Press_Line.Component.FB_320Ton_Press_2.Identification.SupplierTypName, , , , 100, -1
ns=2;s=Press_Line.Component.FB_320Ton_Press_2.Identification.SupplierTypDescription, , , , 100, -1
ns=2;s=Press_Line.Component.FB_320Ton_Press_2.Identification.AssetId, , , , 100, -1
ns=2;s=Press_Line.Component.FB_320Ton_Press_2.Identification.ManufacturingDate, , , , 100, -1
ns=2;s=Press_Line.Component.FB_320Ton_Press_2.Identification.DeviceRevision, , , , 100, -1
ns=2;s=Press_Line.Component.FB_320Ton_Press_2.Identification.SoftwareRevision, , , , 100, -1
ns=2;s=Press_Line.Component.FB_320Ton_Press_2.Identification.HardwareRevision, , , , 100, -1
ns=2;s=Press_Line.Component.FB_320Ton_Press_2.Identification.ContactInfo01.Name, , , , 100, -1
ns=2;s=Press_Line.Component.FB_320Ton_Press_2.Identification.ContactInfo01.Role, , , , 100, -1
ns=2;s=Press_Line.Component.FB_320Ton_Press_2.Identification.ContactInfo01.PhysicalAddress.CountryCode, , , , 100, -1
ns=2;s=Press_Line.Component.FB_320Ton_Press_2.Identification.ContactInfo01.PhysicalAddress.Street, , , , 100, -1
ns=2;s=Press_Line.Component.FB_320Ton_Press_2.Identification.ContactInfo01.PhysicalAddress.PostalCode, , , , 100, -1
ns=2;s=Press_Line.Component.FB_320Ton_Press_2.Identification.ContactInfo01.PhysicalAddress.City, , , , 100, -1
ns=2;s=Press_Line.Component.FB_320Ton_Press_2.Identification.ContactInfo01.PhysicalAddress.StateCountry, , , , 100, -1
ns=2;s=Press_Line.Component.FB_320Ton_Press_2.Identification.ContactInfo01.Email, , , , 100, -1
ns=2;s=Press_Line.Component.FB_320Ton_Press_2.Identification.ContactInfo01.URL, , , , 100, -1
ns=2;s=Press_Line.Component.FB_320Ton_Press_2.Identification.ContactInfo01.Phone, , , , 100, -1
ns=2;s=Press_Line.Component.FB_320Ton_Press_2.Identification.ContactInfo01.Fax, , , , 100, -1
ns=2;s=Press_Line.Component.FB_320Ton_Press_2.Identification.URL, , , , 100, -1
ns=2;s=Press_Line.Component.FB_320Ton_Press_2.OperationalData.StrokeCounter, , , , 100, -1
ns=2;s=Press_Line.Component.FB_320Ton_Press_2.OperationalData.StrokeCounter_h, , , , 100, -1
ns=2;s=Press_Line.Component.FB_320Ton_Press_2.OperationalData.OilTemperature, , , , 100, -1
ns=2;s=Press_Line.Component.FB_320Ton_Press_2.OperationalData.AI0_Vibration, , , , 100, -1
ns=2;s=Press_Line.Component.FB_320Ton_Press_2.OperationalData.AI1_Vibration, , , , 100, -1
ns=2;s=Press_Line.Component.FB_320Ton_Press_2.OperationalData.AI2_Current, , , , 100, -1
ns=2;s=Press_Line.Component.FB_320Ton_Press_2.TechnicalData.GeneralInformation.ManufacturerName, , , , 100, -1
ns=2;s=Press_Line.Component.FB_320Ton_Press_2.TechnicalData.GeneralInformation.ManufacturerProductDesignation, , , , 100, -1
ns=2;s=Press_Line.Component.FB_320Ton_Press_2.TechnicalData.TechnicalProperties.Nominal_Power, , , , 100, -1
ns=2;s=Press_Line.Component.FB_320Ton_Press_2.TechnicalData.TechnicalProperties.No._of_strokes, , , , 100, -1
ns=2;s=Press_Line.Component.FB_320Ton_Press_2.TechnicalData.TechnicalProperties.Mold_area, , , , 100, -1
ns=2;s=Press_Line.Component.FB_320Ton_Press_2.TechnicalData.TechnicalProperties.Upper_table, , , , 100, -1
ns=2;s=Press_Line.Component.FB_320Ton_Press_2.TechnicalData.TechnicalProperties.Lower_table, , , , 100, -1
ns=2;s=Press_Line.Component.FB_320Ton_Press_2.TechnicalData.TechnicalProperties.Feeding_Line_Type, , , , 100, -1
ns=2;s=Press_Line.Component.FB_320Ton_Press_2.TechnicalData.TechnicalProperties.Decoiler_Type, , , , 100, -1
ns=2;s=Press_Line.Component.FB_320Ton_Press_2.TechnicalData.TechnicalProperties.Coil_width, , , , 100, -1
ns=2;s=Press_Line.Component.FB_320Ton_Press_2.TechnicalData.TechnicalProperties.Internal_diameter_coil, , , , 100, -1
ns=2;s=Press_Line.Component.FB_320Ton_Press_2.TechnicalData.TechnicalProperties.Esternal_diameter_coil, , , , 100, -1
ns=2;s=Press_Line.Component.FB_320Ton_Press_2.TechnicalData.TechnicalProperties.Thickness_coil, , , , 100, -1
ns=2;s=Press_Line.Component.FB_320Ton_Press_2.TechnicalData.TechnicalProperties.Weight_coil, , , , 100, -1
ns=2;s=Press_Line.Component.FB_320Ton_Press_2.TechnicalData.TechnicalProperties.Straightener_Type, , , , 100, -1
ns=2;s=Press_Line.Component.FB_320Ton_Press_2.TechnicalData.TechnicalProperties.Motor_Power, , , , 100, -1
ns=2;s=Press_Line.Component.FB_320Ton_Press_2.TechnicalData.TechnicalProperties.Drive_motor, , , , 100, -1
ns=2;s=Press_Line.Component.FB_320Ton_Press_2.TechnicalData.TechnicalProperties.Motovariator, , , , 100, -1
ns=2;s=Press_Line.Component.FB_320Ton_Press_2.TechnicalData.TechnicalProperties.Coil_exit_speed, , , , 100, -1
ns=2;s=Press_Line.Component.FB_320Ton_Press_2.TechnicalData.TechnicalProperties.Traction_rollers, , , , 100, -1
ns=2;s=Press_Line.Component.FB_320Ton_Press_2.TechnicalData.TechnicalProperties.Traction_rollers2, , , , 100, -1
ns=2;s=Press_Line.Component.FB_320Ton_Press_2.TechnicalData.TechnicalProperties.Straightening_rollers, , , , 100, -1
ns=2;s=Press_Line.Component.FB_320Ton_Press_2.TechnicalData.TechnicalProperties.Motor_power_central_command, , , , 100, -1
ns=2;s=Press_Line.Component.FB_320Ton_Press_3.Nameplate.ManufacturerName, , , , 100, -1
ns=2;s=Press_Line.Component.FB_320Ton_Press_3.Nameplate.ManufacturerTypName, , , , 100, -1
ns=2;s=Press_Line.Component.FB_320Ton_Press_3.Nameplate.PhysicalAddress01.CountryCode, , , , 100, -1
ns=2;s=Press_Line.Component.FB_320Ton_Press_3.Nameplate.PhysicalAddress01.Street, , , , 100, -1
ns=2;s=Press_Line.Component.FB_320Ton_Press_3.Nameplate.PhysicalAddress01.PostalCode, , , , 100, -1
ns=2;s=Press_Line.Component.FB_320Ton_Press_3.Nameplate.PhysicalAddress01.City, , , , 100, -1
ns=2;s=Press_Line.Component.FB_320Ton_Press_3.Nameplate.PhysicalAddress01.StateCounty, , , , 100, -1
ns=2;s=Press_Line.Component.FB_320Ton_Press_3.Nameplate.SerialNo, , , , 100, -1
ns=2;s=Press_Line.Component.FB_320Ton_Press_3.Nameplate.CountryOfOrigin, , , , 100, -1
ns=2;s=Press_Line.Component.FB_320Ton_Press_3.Nameplate.YearOfConstruction, , , , 100, -1
ns=2;s=Press_Line.Component.FB_320Ton_Press_3.Identification.ManufacturerName, , , , 100, -1
ns=2;s=Press_Line.Component.FB_320Ton_Press_3.Identification.ManufacturerTypName, , , , 100, -1
ns=2;s=Press_Line.Component.FB_320Ton_Press_3.Identification.ManufacturerTypDescription, , , , 100, -1
ns=2;s=Press_Line.Component.FB_320Ton_Press_3.Identification.SupplierName, , , , 100, -1
ns=2;s=Press_Line.Component.FB_320Ton_Press_3.Identification.SupplierTypName, , , , 100, -1
ns=2;s=Press_Line.Component.FB_320Ton_Press_3.Identification.SupplierTypDescription, , , , 100, -1
ns=2;s=Press_Line.Component.FB_320Ton_Press_3.Identification.AssetId, , , , 100, -1
ns=2;s=Press_Line.Component.FB_320Ton_Press_3.Identification.ManufacturingDate, , , , 100, -1
ns=2;s=Press_Line.Component.FB_320Ton_Press_3.Identification.DeviceRevision, , , , 100, -1
ns=2;s=Press_Line.Component.FB_320Ton_Press_3.Identification.SoftwareRevision, , , , 100, -1
ns=2;s=Press_Line.Component.FB_320Ton_Press_3.Identification.HardwareRevision, , , , 100, -1
ns=2;s=Press_Line.Component.FB_320Ton_Press_3.Identification.ContactInfo01.Name, , , , 100, -1
ns=2;s=Press_Line.Component.FB_320Ton_Press_3.Identification.ContactInfo01.Role, , , , 100, -1
ns=2;s=Press_Line.Component.FB_320Ton_Press_3.Identification.ContactInfo01.PhysicalAddress.CountryCode, , , , 100, -1
ns=2;s=Press_Line.Component.FB_320Ton_Press_3.Identification.ContactInfo01.PhysicalAddress.Street, , , , 100, -1
ns=2;s=Press_Line.Component.FB_320Ton_Press_3.Identification.ContactInfo01.PhysicalAddress.PostalCode, , , , 100, -1
ns=2;s=Press_Line.Component.FB_320Ton_Press_3.Identification.ContactInfo01.PhysicalAddress.City, , , , 100, -1
ns=2;s=Press_Line.Component.FB_320Ton_Press_3.Identification.ContactInfo01.PhysicalAddress.StateCountry, , , , 100, -1
ns=2;s=Press_Line.Component.FB_320Ton_Press_3.Identification.ContactInfo01.Email, , , , 100, -1
ns=2;s=Press_Line.Component.FB_320Ton_Press_3.Identification.ContactInfo01.URL, , , , 100, -1
ns=2;s=Press_Line.Component.FB_320Ton_Press_3.Identification.ContactInfo01.Phone, , , , 100, -1
ns=2;s=Press_Line.Component.FB_320Ton_Press_3.Identification.ContactInfo01.Fax, , , , 100, -1
ns=2;s=Press_Line.Component.FB_320Ton_Press_3.Identification.URL, , , , 100, -1
ns=2;s=Press_Line.Component.FB_320Ton_Press_3.OperationalData.StrokeCounter, , , , 100, -1
ns=2;s=Press_Line.Component.FB_320Ton_Press_3.OperationalData.StrokeCounter_h, , , , 100, -1
ns=2;s=Press_Line.Component.FB_320Ton_Press_3.OperationalData.OilTemperature, , , , 100, -1
ns=2;s=Press_Line.Component.FB_320Ton_Press_3.OperationalData.AI0_Vibration, , , , 100, -1
ns=2;s=Press_Line.Component.FB_320Ton_Press_3.OperationalData.AI1_Vibration, , , , 100, -1
ns=2;s=Press_Line.Component.FB_320Ton_Press_3.OperationalData.AI2_Current, , , , 100, -1
ns=2;s=Press_Line.Component.FB_320Ton_Press_3.TechnicalData.GeneralInformation.ManufacturerName, , , , 100, -1
ns=2;s=Press_Line.Component.FB_320Ton_Press_3.TechnicalData.GeneralInformation.ManufacturerProductDesignation, , , , 100, -1
ns=2;s=Press_Line.Component.FB_320Ton_Press_3.TechnicalData.TechnicalProperties.Nominal_Power, , , , 100, -1
ns=2;s=Press_Line.Component.FB_320Ton_Press_3.TechnicalData.TechnicalProperties.No._of_strokes, , , , 100, -1
ns=2;s=Press_Line.Component.FB_320Ton_Press_3.TechnicalData.TechnicalProperties.Mold_area, , , , 100, -1
ns=2;s=Press_Line.Component.FB_320Ton_Press_3.TechnicalData.TechnicalProperties.Upper_table, , , , 100, -1
ns=2;s=Press_Line.Component.FB_320Ton_Press_3.TechnicalData.TechnicalProperties.Lower_table, , , , 100, -1
ns=2;s=Press_Line.Component.FB_320Ton_Press_3.TechnicalData.TechnicalProperties.Feeding_Line_Type, , , , 100, -1
ns=2;s=Press_Line.Component.FB_320Ton_Press_3.TechnicalData.TechnicalProperties.Decoiler_Type, , , , 100, -1
ns=2;s=Press_Line.Component.FB_320Ton_Press_3.TechnicalData.TechnicalProperties.Coil_width, , , , 100, -1
ns=2;s=Press_Line.Component.FB_320Ton_Press_3.TechnicalData.TechnicalProperties.Internal_diameter_coil, , , , 100, -1
ns=2;s=Press_Line.Component.FB_320Ton_Press_3.TechnicalData.TechnicalProperties.Esternal_diameter_coil, , , , 100, -1
ns=2;s=Press_Line.Component.FB_320Ton_Press_3.TechnicalData.TechnicalProperties.Thickness_coil, , , , 100, -1
ns=2;s=Press_Line.Component.FB_320Ton_Press_3.TechnicalData.TechnicalProperties.Weight_coil, , , , 100, -1
ns=2;s=Press_Line.Component.FB_320Ton_Press_3.TechnicalData.TechnicalProperties.Straightener_Type, , , , 100, -1
ns=2;s=Press_Line.Component.FB_320Ton_Press_3.TechnicalData.TechnicalProperties.Motor_Power, , , , 100, -1
ns=2;s=Press_Line.Component.FB_320Ton_Press_3.TechnicalData.TechnicalProperties.Drive_motor, , , , 100, -1
ns=2;s=Press_Line.Component.FB_320Ton_Press_3.TechnicalData.TechnicalProperties.Motovariator, , , , 100, -1
ns=2;s=Press_Line.Component.FB_320Ton_Press_3.TechnicalData.TechnicalProperties.Coil_exit_speed, , , , 100, -1
ns=2;s=Press_Line.Component.FB_320Ton_Press_3.TechnicalData.TechnicalProperties.Traction_rollers, , , , 100, -1
ns=2;s=Press_Line.Component.FB_320Ton_Press_3.TechnicalData.TechnicalProperties.Traction_rollers2, , , , 100, -1
ns=2;s=Press_Line.Component.FB_320Ton_Press_3.TechnicalData.TechnicalProperties.Straightening_rollers, , , , 100, -1
ns=2;s=Press_Line.Component.FB_320Ton_Press_3.TechnicalData.TechnicalProperties.Motor_power_central_command, , , , 100, -1
ns=2;s=Press_Line.Component.FB_400Ton_Press_1.Nameplate.ManufacturerName, , , , 100, -1
ns=2;s=Press_Line.Component.FB_400Ton_Press_1.Nameplate.ManufacturerTypName, , , , 100, -1
ns=2;s=Press_Line.Component.FB_400Ton_Press_1.Nameplate.PhysicalAddress01.CountryCode, , , , 100, -1
ns=2;s=Press_Line.Component.FB_400Ton_Press_1.Nameplate.PhysicalAddress01.Street, , , , 100, -1
ns=2;s=Press_Line.Component.FB_400Ton_Press_1.Nameplate.PhysicalAddress01.PostalCode, , , , 100, -1
ns=2;s=Press_Line.Component.FB_400Ton_Press_1.Nameplate.PhysicalAddress01.City, , , , 100, -1
ns=2;s=Press_Line.Component.FB_400Ton_Press_1.Nameplate.PhysicalAddress01.StateCounty, , , , 100, -1
ns=2;s=Press_Line.Component.FB_400Ton_Press_1.Nameplate.SerialNo, , , , 100, -1
ns=2;s=Press_Line.Component.FB_400Ton_Press_1.Nameplate.CountryOfOrigin, , , , 100, -1
ns=2;s=Press_Line.Component.FB_400Ton_Press_1.Nameplate.YearOfConstruction, , , , 100, -1
ns=2;s=Press_Line.Component.FB_400Ton_Press_1.Identification.ManufacturerName, , , , 100, -1
ns=2;s=Press_Line.Component.FB_400Ton_Press_1.Identification.ManufacturerTypName, , , , 100, -1
ns=2;s=Press_Line.Component.FB_400Ton_Press_1.Identification.ManufacturerTypDescription, , , , 100, -1
ns=2;s=Press_Line.Component.FB_400Ton_Press_1.Identification.SupplierName, , , , 100, -1
ns=2;s=Press_Line.Component.FB_400Ton_Press_1.Identification.SupplierTypName, , , , 100, -1
ns=2;s=Press_Line.Component.FB_400Ton_Press_1.Identification.SupplierTypDescription, , , , 100, -1
ns=2;s=Press_Line.Component.FB_400Ton_Press_1.Identification.AssetId, , , , 100, -1
ns=2;s=Press_Line.Component.FB_400Ton_Press_1.Identification.ManufacturingDate, , , , 100, -1
ns=2;s=Press_Line.Component.FB_400Ton_Press_1.Identification.DeviceRevision, , , , 100, -1
ns=2;s=Press_Line.Component.FB_400Ton_Press_1.Identification.SoftwareRevision, , , , 100, -1
ns=2;s=Press_Line.Component.FB_400Ton_Press_1.Identification.HardwareRevision, , , , 100, -1
ns=2;s=Press_Line.Component.FB_400Ton_Press_1.Identification.ContactInfo01.Name, , , , 100, -1
ns=2;s=Press_Line.Component.FB_400Ton_Press_1.Identification.ContactInfo01.Role, , , , 100, -1
ns=2;s=Press_Line.Component.FB_400Ton_Press_1.Identification.ContactInfo01.PhysicalAddress.CountryCode, , , , 100, -1
ns=2;s=Press_Line.Component.FB_400Ton_Press_1.Identification.ContactInfo01.PhysicalAddress.Street, , , , 100, -1
ns=2;s=Press_Line.Component.FB_400Ton_Press_1.Identification.ContactInfo01.PhysicalAddress.PostalCode, , , , 100, -1
ns=2;s=Press_Line.Component.FB_400Ton_Press_1.Identification.ContactInfo01.PhysicalAddress.City, , , , 100, -1
ns=2;s=Press_Line.Component.FB_400Ton_Press_1.Identification.ContactInfo01.PhysicalAddress.StateCountry, , , , 100, -1
ns=2;s=Press_Line.Component.FB_400Ton_Press_1.Identification.ContactInfo01.Email, , , , 100, -1
ns=2;s=Press_Line.Component.FB_400Ton_Press_1.Identification.ContactInfo01.URL, , , , 100, -1
ns=2;s=Press_Line.Component.FB_400Ton_Press_1.Identification.ContactInfo01.Phone, , , , 100, -1
ns=2;s=Press_Line.Component.FB_400Ton_Press_1.Identification.ContactInfo01.Fax, , , , 100, -1
ns=2;s=Press_Line.Component.FB_400Ton_Press_1.Identification.URL, , , , 100, -1
ns=2;s=Press_Line.Component.FB_400Ton_Press_1.OperationalData.StrokeCounter, , , , 100, -1
ns=2;s=Press_Line.Component.FB_400Ton_Press_1.OperationalData.StrokeCounter_h, , , , 100, -1
ns=2;s=Press_Line.Component.FB_400Ton_Press_1.OperationalData.OilTemperature, , , , 100, -1
ns=2;s=Press_Line.Component.FB_400Ton_Press_1.OperationalData.AI0_Vibration, , , , 100, -1
ns=2;s=Press_Line.Component.FB_400Ton_Press_1.OperationalData.AI1_Vibration, , , , 100, -1
ns=2;s=Press_Line.Component.FB_400Ton_Press_1.OperationalData.AI2_Current, , , , 100, -1
ns=2;s=Press_Line.Component.FB_400Ton_Press_1.TechnicalData.GeneralInformation.ManufacturerName, , , , 100, -1
ns=2;s=Press_Line.Component.FB_400Ton_Press_1.TechnicalData.GeneralInformation.ManufacturerProductDesignation, , , , 100, -1
ns=2;s=Press_Line.Component.FB_400Ton_Press_1.TechnicalData.TechnicalProperties.Stroke, , , , 100, -1
ns=2;s=Press_Line.Component.FB_400Ton_Press_1.TechnicalData.TechnicalProperties.No._of_strokes, , , , 100, -1
ns=2;s=Press_Line.Component.FB_400Ton_Press_1.TechnicalData.TechnicalProperties.Plate_thickness, , , , 100, -1
ns=2;s=Press_Line.Component.FB_400Ton_Press_1.TechnicalData.TechnicalProperties.Total_force_nominal, , , , 100, -1
ns=2;s=Press_Line.Component.FB_400Ton_Press_1.TechnicalData.TechnicalProperties.Stroke_rate_max, , , , 100, -1
ns=2;s=Press_Line.Component.FB_400Ton_Press_1.TechnicalData.TechnicalProperties.Passline_opening, , , , 100, -1
ns=2;s=Press_Line.Component.FB_400Ton_Press_1.TechnicalData.TechnicalProperties.Sheet_width_max, , , , 100, -1
ns=2;s=Press_Line.Component.FB_400Ton_Press_1.TechnicalData.TechnicalProperties.Sheet_thickness_max, , , , 100, -1
ns=2;s=Press_Line.Component.FB_400Ton_Press_1.TechnicalData.TechnicalProperties.Feeding_step_min, , , , 100, -1
ns=2;s=Press_Line.Component.FB_400Ton_Press_1.TechnicalData.TechnicalProperties.Feeding_step_max, , , , 100, -1
ns=2;s=Press_Line.Component.FB_400Ton_Press_1.TechnicalData.TechnicalProperties.Sheet_length_min, , , , 100, -1
ns=2;s=Press_Line.Component.FB_400Ton_Press_1.TechnicalData.TechnicalProperties.Nominal_force, , , , 100, -1
ns=2;s=Press_Line.Component.FB_400Ton_Press_1.TechnicalData.TechnicalProperties.Mains_voltage, , , , 100, -1
ns=2;s=Press_Line.Component.FB_400Ton_Press_1.TechnicalData.TechnicalProperties.Mains_frequency, , , , 100, -1
ns=2;s=Press_Line.Component.FB_400Ton_Press_1.TechnicalData.TechnicalProperties.Space_requirements_left_right, , , , 100, -1
ns=2;s=Press_Line.Component.FB_400Ton_Press_1.TechnicalData.TechnicalProperties.Space_requirements_front_back, , , , 100, -1
ns=2;s=Press_Line.Component.FB_400Ton_Press_1.TechnicalData.TechnicalProperties.Total_height, , , , 100, -1
ns=2;s=Press_Line.Component.FB_400Ton_Press_1.TechnicalData.TechnicalProperties.Height_above_floor_level, , , , 100, -1
ns=2;s=Press_Line.Component.FB_400Ton_Press_1.TechnicalData.TechnicalProperties.Total_weight_approx, , , , 100, -1
ns=2;s=Press_Line.Component.FB_400Ton_Press_1.TechnicalData.TechnicalProperties.Stock_number, , , , 100, -1
ns=2;s=Press_Line.Component.FB_630Ton_Press_1.Nameplate.ManufacturerName, , , , 100, -1
ns=2;s=Press_Line.Component.FB_630Ton_Press_1.Nameplate.ManufacturerTypName, , , , 100, -1
ns=2;s=Press_Line.Component.FB_630Ton_Press_1.Nameplate.PhysicalAddress01.CountryCode, , , , 100, -1
ns=2;s=Press_Line.Component.FB_630Ton_Press_1.Nameplate.PhysicalAddress01.Street, , , , 100, -1
ns=2;s=Press_Line.Component.FB_630Ton_Press_1.Nameplate.PhysicalAddress01.PostalCode, , , , 100, -1
ns=2;s=Press_Line.Component.FB_630Ton_Press_1.Nameplate.PhysicalAddress01.City, , , , 100, -1
ns=2;s=Press_Line.Component.FB_630Ton_Press_1.Nameplate.PhysicalAddress01.StateCounty, , , , 100, -1
ns=2;s=Press_Line.Component.FB_630Ton_Press_1.Nameplate.SerialNo, , , , 100, -1
ns=2;s=Press_Line.Component.FB_630Ton_Press_1.Nameplate.CountryOfOrigin, , , , 100, -1
ns=2;s=Press_Line.Component.FB_630Ton_Press_1.Nameplate.YearOfConstruction, , , , 100, -1
ns=2;s=Press_Line.Component.FB_630Ton_Press_1.Identification.ManufacturerName, , , , 100, -1
ns=2;s=Press_Line.Component.FB_630Ton_Press_1.Identification.ManufacturerTypName, , , , 100, -1
ns=2;s=Press_Line.Component.FB_630Ton_Press_1.Identification.ManufacturerTypDescription, , , , 100, -1
ns=2;s=Press_Line.Component.FB_630Ton_Press_1.Identification.SupplierName, , , , 100, -1
ns=2;s=Press_Line.Component.FB_630Ton_Press_1.Identification.SupplierTypName, , , , 100, -1
ns=2;s=Press_Line.Component.FB_630Ton_Press_1.Identification.SupplierTypDescription, , , , 100, -1
ns=2;s=Press_Line.Component.FB_630Ton_Press_1.Identification.AssetId, , , , 100, -1
ns=2;s=Press_Line.Component.FB_630Ton_Press_1.Identification.ManufacturingDate, , , , 100, -1
ns=2;s=Press_Line.Component.FB_630Ton_Press_1.Identification.DeviceRevision, , , , 100, -1
ns=2;s=Press_Line.Component.FB_630Ton_Press_1.Identification.SoftwareRevision, , , , 100, -1
ns=2;s=Press_Line.Component.FB_630Ton_Press_1.Identification.HardwareRevision, , , , 100, -1
ns=2;s=Press_Line.Component.FB_630Ton_Press_1.Identification.ContactInfo01.Name, , , , 100, -1
ns=2;s=Press_Line.Component.FB_630Ton_Press_1.Identification.ContactInfo01.Role, , , , 100, -1
ns=2;s=Press_Line.Component.FB_630Ton_Press_1.Identification.ContactInfo01.PhysicalAddress.CountryCode, , , , 100, -1
ns=2;s=Press_Line.Component.FB_630Ton_Press_1.Identification.ContactInfo01.PhysicalAddress.Street, , , , 100, -1
ns=2;s=Press_Line.Component.FB_630Ton_Press_1.Identification.ContactInfo01.PhysicalAddress.PostalCode, , , , 100, -1
ns=2;s=Press_Line.Component.FB_630Ton_Press_1.Identification.ContactInfo01.PhysicalAddress.City, , , , 100, -1
ns=2;s=Press_Line.Component.FB_630Ton_Press_1.Identification.ContactInfo01.PhysicalAddress.StateCountry, , , , 100, -1
ns=2;s=Press_Line.Component.FB_630Ton_Press_1.Identification.ContactInfo01.Email, , , , 100, -1
ns=2;s=Press_Line.Component.FB_630Ton_Press_1.Identification.ContactInfo01.URL, , , , 100, -1
ns=2;s=Press_Line.Component.FB_630Ton_Press_1.Identification.ContactInfo01.Phone, , , , 100, -1
ns=2;s=Press_Line.Component.FB_630Ton_Press_1.Identification.ContactInfo01.Fax, , , , 100, -1
ns=2;s=Press_Line.Component.FB_630Ton_Press_1.Identification.URL, , , , 100, -1
ns=2;s=Press_Line.Component.FB_630Ton_Press_1.OperationalData.StrokeCounter, , , , 100, -1
ns=2;s=Press_Line.Component.FB_630Ton_Press_1.OperationalData.StrokeCounter_h, , , , 100, -1
ns=2;s=Press_Line.Component.FB_630Ton_Press_1.OperationalData.OilTemperature, , , , 100, -1
ns=2;s=Press_Line.Component.FB_630Ton_Press_1.OperationalData.CounterPressAct, , , , 100, -1
ns=2;s=Press_Line.Component.FB_630Ton_Press_1.OperationalData.MainPressAct, , , , 100, -1
ns=2;s=Press_Line.Component.FB_630Ton_Press_1.OperationalData.VRingPressAct, , , , 100, -1
ns=2;s=Press_Line.Component.FB_630Ton_Press_1.OperationalData.AI0_Vibration, , , , 100, -1
ns=2;s=Press_Line.Component.FB_630Ton_Press_1.OperationalData.AI1_Vibration, , , , 100, -1
ns=2;s=Press_Line.Component.FB_630Ton_Press_1.OperationalData.AI2_Current, , , , 100, -1
ns=2;s=Press_Line.Component.FB_630Ton_Press_1.TechnicalData.GeneralInformation.ManufacturerName, , , , 100, -1
ns=2;s=Press_Line.Component.FB_630Ton_Press_1.TechnicalData.GeneralInformation.ManufacturerProductDesignation, , , , 100, -1
ns=2;s=Press_Line.Component.FB_630Ton_Press_1.TechnicalData.TechnicalProperties.Nominal_Power, , , , 100, -1
ns=2;s=Press_Line.Component.FB_630Ton_Press_1.TechnicalData.TechnicalProperties.No._of_strokes, , , , 100, -1
ns=2;s=Press_Line.Component.FB_630Ton_Press_1.TechnicalData.TechnicalProperties.Mold_area, , , , 100, -1
ns=2;s=Press_Line.Component.FB_630Ton_Press_1.TechnicalData.TechnicalProperties.Upper_table, , , , 100, -1
ns=2;s=Press_Line.Component.FB_630Ton_Press_1.TechnicalData.TechnicalProperties.Lower_table, , , , 100, -1
ns=2;s=Press_Line.Component.FB_630Ton_Press_1.TechnicalData.TechnicalProperties.Feeding_Line_Type, , , , 100, -1
ns=2;s=Press_Line.Component.FB_630Ton_Press_1.TechnicalData.TechnicalProperties.Decoiler_Type, , , , 100, -1
ns=2;s=Press_Line.Component.FB_630Ton_Press_1.TechnicalData.TechnicalProperties.Coil_width, , , , 100, -1
ns=2;s=Press_Line.Component.FB_630Ton_Press_1.TechnicalData.TechnicalProperties.Internal_diameter_coil, , , , 100, -1
ns=2;s=Press_Line.Component.FB_630Ton_Press_1.TechnicalData.TechnicalProperties.Esternal_diameter_coil, , , , 100, -1
ns=2;s=Press_Line.Component.FB_630Ton_Press_1.TechnicalData.TechnicalProperties.Thickness_coil, , , , 100, -1
ns=2;s=Press_Line.Component.FB_630Ton_Press_1.TechnicalData.TechnicalProperties.Weight_coil, , , , 100, -1
ns=2;s=Press_Line.Component.FB_630Ton_Press_1.TechnicalData.TechnicalProperties.Straightener_Type, , , , 100, -1
ns=2;s=Press_Line.Component.FB_630Ton_Press_1.TechnicalData.TechnicalProperties.Motor_Power, , , , 100, -1
ns=2;s=Press_Line.Component.FB_630Ton_Press_1.TechnicalData.TechnicalProperties.Drive_motor, , , , 100, -1
ns=2;s=Press_Line.Component.FB_630Ton_Press_1.TechnicalData.TechnicalProperties.Motovariator, , , , 100, -1
ns=2;s=Press_Line.Component.FB_630Ton_Press_1.TechnicalData.TechnicalProperties.Coil_exit_speed, , , , 100, -1
ns=2;s=Press_Line.Component.FB_630Ton_Press_1.TechnicalData.TechnicalProperties.Traction_rollers, , , , 100, -1
ns=2;s=Press_Line.Component.FB_630Ton_Press_1.TechnicalData.TechnicalProperties.Traction_rollers2, , , , 100, -1
ns=2;s=Press_Line.Component.FB_630Ton_Press_1.TechnicalData.TechnicalProperties.Straightening_rollers, , , , 100, -1
ns=2;s=Press_Line.Component.FB_630Ton_Press_1.TechnicalData.TechnicalProperties.Motor_power_central_command, , , , 100, -1
ns=2;s=Press_Line.Component.FB_630Ton_Press_2.Nameplate.ManufacturerName, , , , 100, -1
ns=2;s=Press_Line.Component.FB_630Ton_Press_2.Nameplate.ManufacturerTypName, , , , 100, -1
ns=2;s=Press_Line.Component.FB_630Ton_Press_2.Nameplate.PhysicalAddress01.CountryCode, , , , 100, -1
ns=2;s=Press_Line.Component.FB_630Ton_Press_2.Nameplate.PhysicalAddress01.Street, , , , 100, -1
ns=2;s=Press_Line.Component.FB_630Ton_Press_2.Nameplate.PhysicalAddress01.PostalCode, , , , 100, -1
ns=2;s=Press_Line.Component.FB_630Ton_Press_2.Nameplate.PhysicalAddress01.City, , , , 100, -1
ns=2;s=Press_Line.Component.FB_630Ton_Press_2.Nameplate.PhysicalAddress01.StateCounty, , , , 100, -1
ns=2;s=Press_Line.Component.FB_630Ton_Press_2.Nameplate.SerialNo, , , , 100, -1
ns=2;s=Press_Line.Component.FB_630Ton_Press_2.Nameplate.CountryOfOrigin, , , , 100, -1
ns=2;s=Press_Line.Component.FB_630Ton_Press_2.Nameplate.YearOfConstruction, , , , 100, -1
ns=2;s=Press_Line.Component.FB_630Ton_Press_2.Identification.ManufacturerName, , , , 100, -1
ns=2;s=Press_Line.Component.FB_630Ton_Press_2.Identification.ManufacturerTypName, , , , 100, -1
ns=2;s=Press_Line.Component.FB_630Ton_Press_2.Identification.ManufacturerTypDescription, , , , 100, -1
ns=2;s=Press_Line.Component.FB_630Ton_Press_2.Identification.SupplierName, , , , 100, -1
ns=2;s=Press_Line.Component.FB_630Ton_Press_2.Identification.SupplierTypName, , , , 100, -1
ns=2;s=Press_Line.Component.FB_630Ton_Press_2.Identification.SupplierTypDescription, , , , 100, -1
ns=2;s=Press_Line.Component.FB_630Ton_Press_2.Identification.AssetId, , , , 100, -1
ns=2;s=Press_Line.Component.FB_630Ton_Press_2.Identification.ManufacturingDate, , , , 100, -1
ns=2;s=Press_Line.Component.FB_630Ton_Press_2.Identification.DeviceRevision, , , , 100, -1
ns=2;s=Press_Line.Component.FB_630Ton_Press_2.Identification.SoftwareRevision, , , , 100, -1
ns=2;s=Press_Line.Component.FB_630Ton_Press_2.Identification.HardwareRevision, , , , 100, -1
ns=2;s=Press_Line.Component.FB_630Ton_Press_2.Identification.ContactInfo01.Name, , , , 100, -1
ns=2;s=Press_Line.Component.FB_630Ton_Press_2.Identification.ContactInfo01.Role, , , , 100, -1
ns=2;s=Press_Line.Component.FB_630Ton_Press_2.Identification.ContactInfo01.PhysicalAddress.CountryCode, , , , 100, -1
ns=2;s=Press_Line.Component.FB_630Ton_Press_2.Identification.ContactInfo01.PhysicalAddress.Street, , , , 100, -1
ns=2;s=Press_Line.Component.FB_630Ton_Press_2.Identification.ContactInfo01.PhysicalAddress.PostalCode, , , , 100, -1
ns=2;s=Press_Line.Component.FB_630Ton_Press_2.Identification.ContactInfo01.PhysicalAddress.City, , , , 100, -1
ns=2;s=Press_Line.Component.FB_630Ton_Press_2.Identification.ContactInfo01.PhysicalAddress.StateCountry, , , , 100, -1
ns=2;s=Press_Line.Component.FB_630Ton_Press_2.Identification.ContactInfo01.Email, , , , 100, -1
ns=2;s=Press_Line.Component.FB_630Ton_Press_2.Identification.ContactInfo01.URL, , , , 100, -1
ns=2;s=Press_Line.Component.FB_630Ton_Press_2.Identification.ContactInfo01.Phone, , , , 100, -1
ns=2;s=Press_Line.Component.FB_630Ton_Press_2.Identification.ContactInfo01.Fax, , , , 100, -1
ns=2;s=Press_Line.Component.FB_630Ton_Press_2.Identification.URL, , , , 100, -1
ns=2;s=Press_Line.Component.FB_630Ton_Press_2.OperationalData.StrokeCounter, , , , 100, -1
ns=2;s=Press_Line.Component.FB_630Ton_Press_2.OperationalData.StrokeCounter_h, , , , 100, -1
ns=2;s=Press_Line.Component.FB_630Ton_Press_2.OperationalData.OilTemperature, , , , 100, -1
ns=2;s=Press_Line.Component.FB_630Ton_Press_2.OperationalData.CounterPressAct, , , , 100, -1
ns=2;s=Press_Line.Component.FB_630Ton_Press_2.OperationalData.MainPressAct, , , , 100, -1
ns=2;s=Press_Line.Component.FB_630Ton_Press_2.OperationalData.VRingPressAct, , , , 100, -1
ns=2;s=Press_Line.Component.FB_630Ton_Press_2.OperationalData.AI0_Vibration, , , , 100, -1
ns=2;s=Press_Line.Component.FB_630Ton_Press_2.OperationalData.AI1_Vibration, , , , 100, -1
ns=2;s=Press_Line.Component.FB_630Ton_Press_2.OperationalData.AI2_Current, , , , 100, -1
ns=2;s=Press_Line.Component.FB_630Ton_Press_2.TechnicalData.GeneralInformation.ManufacturerName, , , , 100, -1
ns=2;s=Press_Line.Component.FB_630Ton_Press_2.TechnicalData.GeneralInformation.ManufacturerProductDesignation, , , , 100, -1
ns=2;s=Press_Line.Component.FB_630Ton_Press_2.TechnicalData.TechnicalProperties.Nominal_Power, , , , 100, -1
ns=2;s=Press_Line.Component.FB_630Ton_Press_2.TechnicalData.TechnicalProperties.No._of_strokes, , , , 100, -1
ns=2;s=Press_Line.Component.FB_630Ton_Press_2.TechnicalData.TechnicalProperties.Mold_area, , , , 100, -1
ns=2;s=Press_Line.Component.FB_630Ton_Press_2.TechnicalData.TechnicalProperties.Upper_table, , , , 100, -1
ns=2;s=Press_Line.Component.FB_630Ton_Press_2.TechnicalData.TechnicalProperties.Lower_table, , , , 100, -1
ns=2;s=Press_Line.Component.FB_630Ton_Press_2.TechnicalData.TechnicalProperties.Feeding_Line_Type, , , , 100, -1
ns=2;s=Press_Line.Component.FB_630Ton_Press_2.TechnicalData.TechnicalProperties.Decoiler_Type, , , , 100, -1
ns=2;s=Press_Line.Component.FB_630Ton_Press_2.TechnicalData.TechnicalProperties.Coil_width, , , , 100, -1
ns=2;s=Press_Line.Component.FB_630Ton_Press_2.TechnicalData.TechnicalProperties.Internal_diameter_coil, , , , 100, -1
ns=2;s=Press_Line.Component.FB_630Ton_Press_2.TechnicalData.TechnicalProperties.Esternal_diameter_coil, , , , 100, -1
ns=2;s=Press_Line.Component.FB_630Ton_Press_2.TechnicalData.TechnicalProperties.Thickness_coil, , , , 100, -1
ns=2;s=Press_Line.Component.FB_630Ton_Press_2.TechnicalData.TechnicalProperties.Weight_coil, , , , 100, -1
ns=2;s=Press_Line.Component.FB_630Ton_Press_2.TechnicalData.TechnicalProperties.Straightener_Type, , , , 100, -1
ns=2;s=Press_Line.Component.FB_630Ton_Press_2.TechnicalData.TechnicalProperties.Motor_Power, , , , 100, -1
ns=2;s=Press_Line.Component.FB_630Ton_Press_2.TechnicalData.TechnicalProperties.Drive_motor, , , , 100, -1
ns=2;s=Press_Line.Component.FB_630Ton_Press_2.TechnicalData.TechnicalProperties.Motovariator, , , , 100, -1
ns=2;s=Press_Line.Component.FB_630Ton_Press_2.TechnicalData.TechnicalProperties.Coil_exit_speed, , , , 100, -1
ns=2;s=Press_Line.Component.FB_630Ton_Press_2.TechnicalData.TechnicalProperties.Traction_rollers, , , , 100, -1
ns=2;s=Press_Line.Component.FB_630Ton_Press_2.TechnicalData.TechnicalProperties.Traction_rollers2, , , , 100, -1
ns=2;s=Press_Line.Component.FB_630Ton_Press_2.TechnicalData.TechnicalProperties.Straightening_rollers, , , , 100, -1
ns=2;s=Press_Line.Component.FB_630Ton_Press_2.TechnicalData.TechnicalProperties.Motor_power_central_command, , , , 100, -1
ns=2;s=Press_Line.Component.FB_650Ton_Press.Nameplate.ManufacturerName, , , , 100, -1
ns=2;s=Press_Line.Component.FB_650Ton_Press.Nameplate.ManufacturerTypName, , , , 100, -1
ns=2;s=Press_Line.Component.FB_650Ton_Press.Nameplate.PhysicalAddress01.CountryCode, , , , 100, -1
ns=2;s=Press_Line.Component.FB_650Ton_Press.Nameplate.PhysicalAddress01.Street, , , , 100, -1
ns=2;s=Press_Line.Component.FB_650Ton_Press.Nameplate.PhysicalAddress01.PostalCode, , , , 100, -1
ns=2;s=Press_Line.Component.FB_650Ton_Press.Nameplate.PhysicalAddress01.City, , , , 100, -1
ns=2;s=Press_Line.Component.FB_650Ton_Press.Nameplate.PhysicalAddress01.StateCounty, , , , 100, -1
ns=2;s=Press_Line.Component.FB_650Ton_Press.Nameplate.SerialNo, , , , 100, -1
ns=2;s=Press_Line.Component.FB_650Ton_Press.Nameplate.CountryOfOrigin, , , , 100, -1
ns=2;s=Press_Line.Component.FB_650Ton_Press.Nameplate.YearOfConstruction, , , , 100, -1
ns=2;s=Press_Line.Component.FB_650Ton_Press.Identification.ManufacturerName, , , , 100, -1
ns=2;s=Press_Line.Component.FB_650Ton_Press.Identification.ManufacturerTypName, , , , 100, -1
ns=2;s=Press_Line.Component.FB_650Ton_Press.Identification.ManufacturerTypDescription, , , , 100, -1
ns=2;s=Press_Line.Component.FB_650Ton_Press.Identification.SupplierName, , , , 100, -1
ns=2;s=Press_Line.Component.FB_650Ton_Press.Identification.SupplierTypName, , , , 100, -1
ns=2;s=Press_Line.Component.FB_650Ton_Press.Identification.SupplierTypDescription, , , , 100, -1
ns=2;s=Press_Line.Component.FB_650Ton_Press.Identification.AssetId, , , , 100, -1
ns=2;s=Press_Line.Component.FB_650Ton_Press.Identification.ManufacturingDate, , , , 100, -1
ns=2;s=Press_Line.Component.FB_650Ton_Press.Identification.DeviceRevision, , , , 100, -1
ns=2;s=Press_Line.Component.FB_650Ton_Press.Identification.SoftwareRevision, , , , 100, -1
ns=2;s=Press_Line.Component.FB_650Ton_Press.Identification.HardwareRevision, , , , 100, -1
ns=2;s=Press_Line.Component.FB_650Ton_Press.Identification.ContactInfo01.Name, , , , 100, -1
ns=2;s=Press_Line.Component.FB_650Ton_Press.Identification.ContactInfo01.Role, , , , 100, -1
ns=2;s=Press_Line.Component.FB_650Ton_Press.Identification.ContactInfo01.PhysicalAddress.CountryCode, , , , 100, -1
ns=2;s=Press_Line.Component.FB_650Ton_Press.Identification.ContactInfo01.PhysicalAddress.Street, , , , 100, -1
ns=2;s=Press_Line.Component.FB_650Ton_Press.Identification.ContactInfo01.PhysicalAddress.PostalCode, , , , 100, -1
ns=2;s=Press_Line.Component.FB_650Ton_Press.Identification.ContactInfo01.PhysicalAddress.City, , , , 100, -1
ns=2;s=Press_Line.Component.FB_650Ton_Press.Identification.ContactInfo01.PhysicalAddress.StateCountry, , , , 100, -1
ns=2;s=Press_Line.Component.FB_650Ton_Press.Identification.ContactInfo01.Email, , , , 100, -1
ns=2;s=Press_Line.Component.FB_650Ton_Press.Identification.ContactInfo01.URL, , , , 100, -1
ns=2;s=Press_Line.Component.FB_650Ton_Press.Identification.ContactInfo01.Phone, , , , 100, -1
ns=2;s=Press_Line.Component.FB_650Ton_Press.Identification.ContactInfo01.Fax, , , , 100, -1
ns=2;s=Press_Line.Component.FB_650Ton_Press.Identification.URL, , , , 100, -1
ns=2;s=Press_Line.Component.FB_650Ton_Press.OperationalData.AccumulatorPressAct, , , , 100, -1
ns=2;s=Press_Line.Component.FB_650Ton_Press.OperationalData.CounterPressAct, , , , 100, -1
ns=2;s=Press_Line.Component.FB_650Ton_Press.OperationalData.EndCounter, , , , 100, -1
ns=2;s=Press_Line.Component.FB_650Ton_Press.OperationalData.FeedLength, , , , 100, -1
ns=2;s=Press_Line.Component.FB_650Ton_Press.OperationalData.MainPressAct, , , , 100, -1
ns=2;s=Press_Line.Component.FB_650Ton_Press.OperationalData.MainPumpPress_Act, , , , 100, -1
ns=2;s=Press_Line.Component.FB_650Ton_Press.OperationalData.OilTemperature, , , , 100, -1
ns=2;s=Press_Line.Component.FB_650Ton_Press.OperationalData.ProductCounter, , , , 100, -1
ns=2;s=Press_Line.Component.FB_650Ton_Press.OperationalData.StrokeCounter, , , , 100, -1
ns=2;s=Press_Line.Component.FB_650Ton_Press.OperationalData.VRingPressAct, , , , 100, -1
ns=2;s=Press_Line.Component.FB_650Ton_Press.OperationalData.AI0_Vibration, , , , 100, -1
ns=2;s=Press_Line.Component.FB_650Ton_Press.OperationalData.AI1_Vibration, , , , 100, -1
ns=2;s=Press_Line.Component.FB_650Ton_Press.OperationalData.AI2_Current, , , , 100, -1
ns=2;s=Press_Line.Component.FB_650Ton_Press.TechnicalData.GeneralInformation.ManufacturerName, , , , 100, -1
ns=2;s=Press_Line.Component.FB_650Ton_Press.TechnicalData.GeneralInformation.ManufacturerProductDesignation, , , , 100, -1
ns=2;s=Press_Line.Component.FB_650Ton_Press.TechnicalData.TechnicalProperties.Forces.TotalForce, , , , 100, -1
ns=2;s=Press_Line.Component.FB_650Ton_Press.TechnicalData.TechnicalProperties.Forces.V-ringForce, , , , 100, -1
ns=2;s=Press_Line.Component.FB_650Ton_Press.TechnicalData.TechnicalProperties.Forces.CounterForce, , , , 100, -1
ns=2;s=Press_Line.Component.FB_650Ton_Press.TechnicalData.TechnicalProperties.Forces.Cutter-CutterForce, , , , 100, -1
ns=2;s=Press_Line.Component.FB_650Ton_Press.TechnicalData.TechnicalProperties.Forces.StrokeLength, , , , 100, -1
ns=2;s=Press_Line.Component.FB_650Ton_Press.TechnicalData.TechnicalProperties.Forces.MaxStroke, , , , 100, -1
ns=2;s=Press_Line.Component.FB_650Ton_Press.TechnicalData.TechnicalProperties.Forces.CuttingSpeed, , , , 100, -1
ns=2;s=Press_Line.Component.FB_650Ton_Press.TechnicalData.TechnicalProperties.Forces.MaxApprochSpeed, , , , 100, -1
ns=2;s=Press_Line.Component.FB_650Ton_Press.TechnicalData.TechnicalProperties.Forces.MaxDecentSpeed, , , , 100, -1
ns=2;s=Press_Line.Component.FB_650Ton_Press.TechnicalData.TechnicalProperties.Material.MinSheetLength, , , , 100, -1
ns=2;s=Press_Line.Component.FB_650Ton_Press.TechnicalData.TechnicalProperties.Material.MinSheetWidth, , , , 100, -1
ns=2;s=Press_Line.Component.FB_650Ton_Press.TechnicalData.TechnicalProperties.Material.MinSheetThickness, , , , 100, -1
ns=2;s=Press_Line.Component.FB_650Ton_Press.TechnicalData.TechnicalProperties.ElectricPower.TotalPower, , , , 100, -1
ns=2;s=Press_Line.Component.FB_650Ton_Press.TechnicalData.TechnicalProperties.ElectricPower.MainDrive, , , , 100, -1
ns=2;s=Press_Line.Component.FB_650Ton_Press.TechnicalData.TechnicalProperties.Hydrauric.OilCooler, , , , 100, -1
ns=2;s=Press_Line.Component.FB_650Ton_Press.TechnicalData.TechnicalProperties.Hydrauric.OilTankCapacity, , , , 100, -1
ns=2;s=Press_Line.Component.FB_650Ton_Press.TechnicalData.TechnicalProperties.Press.A, , , , 100, -1
ns=2;s=Press_Line.Component.FB_650Ton_Press.TechnicalData.TechnicalProperties.Press.B, , , , 100, -1
ns=2;s=Press_Line.Component.FB_650Ton_Press.TechnicalData.TechnicalProperties.Press.C, , , , 100, -1
ns=2;s=Press_Line.Component.FB_650Ton_Press.TechnicalData.TechnicalProperties.Press.D, , , , 100, -1
ns=2;s=Press_Line.Component.FB_650Ton_Press.TechnicalData.TechnicalProperties.Press.E, , , , 100, -1
ns=2;s=Press_Line.Component.FB_650Ton_Press.TechnicalData.TechnicalProperties.Press.F, , , , 100, -1
ns=2;s=Press_Line.Component.FB_650Ton_Press.TechnicalData.TechnicalProperties.Press.G, , , , 100, -1
ns=2;s=Press_Line.Component.FB_650Ton_Press.TechnicalData.TechnicalProperties.Press.H, , , , 100, -1
ns=2;s=Press_Line.Component.FB_650Ton_Press.TechnicalData.TechnicalProperties.Press.I, , , , 100, -1
ns=2;s=Press_Line.Component.FB_650Ton_Press.TechnicalData.TechnicalProperties.ToolSpace.UpperBolster_a, , , , 100, -1
ns=2;s=Press_Line.Component.FB_650Ton_Press.TechnicalData.TechnicalProperties.ToolSpace.UpperBolster_b, , , , 100, -1
ns=2;s=Press_Line.Component.FB_650Ton_Press.TechnicalData.TechnicalProperties.ToolSpace.UpperBolster_c, , , , 100, -1
ns=2;s=Press_Line.Component.FB_650Ton_Press.TechnicalData.TechnicalProperties.ToolSpace.LowerBolster_e, , , , 100, -1
ns=2;s=Press_Line.Component.FB_650Ton_Press.TechnicalData.TechnicalProperties.ToolSpace.LowerBolster_f, , , , 100, -1
ns=2;s=Press_Line.Component.FB_650Ton_Press.TechnicalData.TechnicalProperties.ToolSpace.LowerBolster_g, , , , 100, -1
ns=2;s=Press_Line.Component.FB_650Ton_Press.TechnicalData.TechnicalProperties.AdapterPlate.X, , , , 100, -1
ns=2;s=Press_Line.Component.FB_650Ton_Press.TechnicalData.TechnicalProperties.AdapterPlate.Y, , , , 100, -1
ns=2;s=Press_Line.Component.FB_650Ton_Press.TechnicalData.TechnicalProperties.AdapterPlate.Z, , , , 100, -1
ns=2;s=Press_Line.Component.FB_650Ton_Press.TechnicalData.TechnicalProperties.AdapterPlate.UpperInsertRing_Du, , , , 100, -1
ns=2;s=Press_Line.Component.FB_650Ton_Press.TechnicalData.TechnicalProperties.AdapterPlate.UpperInsertRing_du, , , , 100, -1
ns=2;s=Press_Line.Component.FB_650Ton_Press.TechnicalData.TechnicalProperties.AdapterPlate.UpperInsertRing_Tu, , , , 100, -1
ns=2;s=Press_Line.Component.FB_650Ton_Press.TechnicalData.TechnicalProperties.AdapterPlate.LowerInsertRing_Dl, , , , 100, -1
ns=2;s=Press_Line.Component.FB_650Ton_Press.TechnicalData.TechnicalProperties.AdapterPlate.LowerInsertRing_dl, , , , 100, -1
ns=2;s=Press_Line.Component.FB_650Ton_Press.TechnicalData.TechnicalProperties.AdapterPlate.LowerInsertRing_Tl, , , , 100, -1
ns=2;s=Press_Line.Component.FB_650Ton_Press.TechnicalData.TechnicalProperties.AdapterPlate.ShutHeight, , , , 100, -1
ns=2;s=Press_Line.Component.FB_650Ton_Press.TechnicalData.TechnicalProperties.AdapterPlate.MaxOpenHeight, , , , 100, -1
ns=2;s=Press_Line.Component.FB_1000Ton_Press_1.Nameplate.ManufacturerName, , , , 100, -1
ns=2;s=Press_Line.Component.FB_1000Ton_Press_1.Nameplate.ManufacturerTypName, , , , 100, -1
ns=2;s=Press_Line.Component.FB_1000Ton_Press_1.Nameplate.PhysicalAddress01.CountryCode, , , , 100, -1
ns=2;s=Press_Line.Component.FB_1000Ton_Press_1.Nameplate.PhysicalAddress01.Street, , , , 100, -1
ns=2;s=Press_Line.Component.FB_1000Ton_Press_1.Nameplate.PhysicalAddress01.PostalCode, , , , 100, -1
ns=2;s=Press_Line.Component.FB_1000Ton_Press_1.Nameplate.PhysicalAddress01.City, , , , 100, -1
ns=2;s=Press_Line.Component.FB_1000Ton_Press_1.Nameplate.PhysicalAddress01.StateCounty, , , , 100, -1
ns=2;s=Press_Line.Component.FB_1000Ton_Press_1.Nameplate.SerialNo, , , , 100, -1
ns=2;s=Press_Line.Component.FB_1000Ton_Press_1.Nameplate.CountryOfOrigin, , , , 100, -1
ns=2;s=Press_Line.Component.FB_1000Ton_Press_1.Nameplate.YearOfConstruction, , , , 100, -1
ns=2;s=Press_Line.Component.FB_1000Ton_Press_1.Identification.ManufacturerName, , , , 100, -1
ns=2;s=Press_Line.Component.FB_1000Ton_Press_1.Identification.ManufacturerTypName, , , , 100, -1
ns=2;s=Press_Line.Component.FB_1000Ton_Press_1.Identification.ManufacturerTypDescription, , , , 100, -1
ns=2;s=Press_Line.Component.FB_1000Ton_Press_1.Identification.SupplierName, , , , 100, -1
ns=2;s=Press_Line.Component.FB_1000Ton_Press_1.Identification.SupplierTypName, , , , 100, -1
ns=2;s=Press_Line.Component.FB_1000Ton_Press_1.Identification.SupplierTypDescription, , , , 100, -1
ns=2;s=Press_Line.Component.FB_1000Ton_Press_1.Identification.AssetId, , , , 100, -1
ns=2;s=Press_Line.Component.FB_1000Ton_Press_1.Identification.ManufacturingDate, , , , 100, -1
ns=2;s=Press_Line.Component.FB_1000Ton_Press_1.Identification.DeviceRevision, , , , 100, -1
ns=2;s=Press_Line.Component.FB_1000Ton_Press_1.Identification.SoftwareRevision, , , , 100, -1
ns=2;s=Press_Line.Component.FB_1000Ton_Press_1.Identification.HardwareRevision, , , , 100, -1
ns=2;s=Press_Line.Component.FB_1000Ton_Press_1.Identification.ContactInfo01.Name, , , , 100, -1
ns=2;s=Press_Line.Component.FB_1000Ton_Press_1.Identification.ContactInfo01.Role, , , , 100, -1
ns=2;s=Press_Line.Component.FB_1000Ton_Press_1.Identification.ContactInfo01.PhysicalAddress.CountryCode, , , , 100, -1
ns=2;s=Press_Line.Component.FB_1000Ton_Press_1.Identification.ContactInfo01.PhysicalAddress.Street, , , , 100, -1
ns=2;s=Press_Line.Component.FB_1000Ton_Press_1.Identification.ContactInfo01.PhysicalAddress.PostalCode, , , , 100, -1
ns=2;s=Press_Line.Component.FB_1000Ton_Press_1.Identification.ContactInfo01.PhysicalAddress.City, , , , 100, -1
ns=2;s=Press_Line.Component.FB_1000Ton_Press_1.Identification.ContactInfo01.PhysicalAddress.StateCountry, , , , 100, -1
ns=2;s=Press_Line.Component.FB_1000Ton_Press_1.Identification.ContactInfo01.Email, , , , 100, -1
ns=2;s=Press_Line.Component.FB_1000Ton_Press_1.Identification.ContactInfo01.URL, , , , 100, -1
ns=2;s=Press_Line.Component.FB_1000Ton_Press_1.Identification.ContactInfo01.Phone, , , , 100, -1
ns=2;s=Press_Line.Component.FB_1000Ton_Press_1.Identification.ContactInfo01.Fax, , , , 100, -1
ns=2;s=Press_Line.Component.FB_1000Ton_Press_1.Identification.URL, , , , 100, -1
ns=2;s=Press_Line.Component.FB_1000Ton_Press_1.OperationalData.AccumulatorPressAct, , , , 100, -1
ns=2;s=Press_Line.Component.FB_1000Ton_Press_1.OperationalData.CounterPressAct, , , , 100, -1
ns=2;s=Press_Line.Component.FB_1000Ton_Press_1.OperationalData.EndCounter, , , , 100, -1
ns=2;s=Press_Line.Component.FB_1000Ton_Press_1.OperationalData.FeedLength, , , , 100, -1
ns=2;s=Press_Line.Component.FB_1000Ton_Press_1.OperationalData.MainPressAct, , , , 100, -1
ns=2;s=Press_Line.Component.FB_1000Ton_Press_1.OperationalData.MainPumpPress_Act, , , , 100, -1
ns=2;s=Press_Line.Component.FB_1000Ton_Press_1.OperationalData.OilTemperature, , , , 100, -1
ns=2;s=Press_Line.Component.FB_1000Ton_Press_1.OperationalData.ProductCounter, , , , 100, -1
ns=2;s=Press_Line.Component.FB_1000Ton_Press_1.OperationalData.StrokeCounter, , , , 100, -1
ns=2;s=Press_Line.Component.FB_1000Ton_Press_1.OperationalData.VRingPressAct, , , , 100, -1
ns=2;s=Press_Line.Component.FB_1000Ton_Press_1.OperationalData.AI0_Vibration, , , , 100, -1
ns=2;s=Press_Line.Component.FB_1000Ton_Press_1.OperationalData.AI1_Vibration, , , , 100, -1
ns=2;s=Press_Line.Component.FB_1000Ton_Press_1.OperationalData.AI2_Current, , , , 100, -1
ns=2;s=Press_Line.Component.FB_1000Ton_Press_1.TechnicalData.GeneralInformation.ManufacturerName, , , , 100, -1
ns=2;s=Press_Line.Component.FB_1000Ton_Press_1.TechnicalData.GeneralInformation.ManufacturerProductDesignation, , , , 100, -1
ns=2;s=Press_Line.Component.FB_1000Ton_Press_1.TechnicalData.TechnicalProperties.Forces.TotalForce, , , , 100, -1
ns=2;s=Press_Line.Component.FB_1000Ton_Press_1.TechnicalData.TechnicalProperties.Forces.V-ringForce, , , , 100, -1
ns=2;s=Press_Line.Component.FB_1000Ton_Press_1.TechnicalData.TechnicalProperties.Forces.CounterForce, , , , 100, -1
ns=2;s=Press_Line.Component.FB_1000Ton_Press_1.TechnicalData.TechnicalProperties.Forces.Cutter-CutterForce, , , , 100, -1
ns=2;s=Press_Line.Component.FB_1000Ton_Press_1.TechnicalData.TechnicalProperties.Forces.StrokeLength, , , , 100, -1
ns=2;s=Press_Line.Component.FB_1000Ton_Press_1.TechnicalData.TechnicalProperties.Forces.MaxStroke, , , , 100, -1
ns=2;s=Press_Line.Component.FB_1000Ton_Press_1.TechnicalData.TechnicalProperties.Forces.CuttingSpeed, , , , 100, -1
ns=2;s=Press_Line.Component.FB_1000Ton_Press_1.TechnicalData.TechnicalProperties.Forces.MaxApprochSpeed, , , , 100, -1
ns=2;s=Press_Line.Component.FB_1000Ton_Press_1.TechnicalData.TechnicalProperties.Forces.MaxDecentSpeed, , , , 100, -1
ns=2;s=Press_Line.Component.FB_1000Ton_Press_1.TechnicalData.TechnicalProperties.Material.MinSheetLength, , , , 100, -1
ns=2;s=Press_Line.Component.FB_1000Ton_Press_1.TechnicalData.TechnicalProperties.Material.MinSheetWidth, , , , 100, -1
ns=2;s=Press_Line.Component.FB_1000Ton_Press_1.TechnicalData.TechnicalProperties.Material.MinSheetThickness, , , , 100, -1
ns=2;s=Press_Line.Component.FB_1000Ton_Press_1.TechnicalData.TechnicalProperties.ElectricPower.TotalPower, , , , 100, -1
ns=2;s=Press_Line.Component.FB_1000Ton_Press_1.TechnicalData.TechnicalProperties.ElectricPower.MainDrive, , , , 100, -1
ns=2;s=Press_Line.Component.FB_1000Ton_Press_1.TechnicalData.TechnicalProperties.Hydrauric.OilCooler, , , , 100, -1
ns=2;s=Press_Line.Component.FB_1000Ton_Press_1.TechnicalData.TechnicalProperties.Hydrauric.OilTankCapacity, , , , 100, -1
ns=2;s=Press_Line.Component.FB_1000Ton_Press_1.TechnicalData.TechnicalProperties.Press.A, , , , 100, -1
ns=2;s=Press_Line.Component.FB_1000Ton_Press_1.TechnicalData.TechnicalProperties.Press.B, , , , 100, -1
ns=2;s=Press_Line.Component.FB_1000Ton_Press_1.TechnicalData.TechnicalProperties.Press.C, , , , 100, -1
ns=2;s=Press_Line.Component.FB_1000Ton_Press_1.TechnicalData.TechnicalProperties.Press.D, , , , 100, -1
ns=2;s=Press_Line.Component.FB_1000Ton_Press_1.TechnicalData.TechnicalProperties.Press.E, , , , 100, -1
ns=2;s=Press_Line.Component.FB_1000Ton_Press_1.TechnicalData.TechnicalProperties.Press.F, , , , 100, -1
ns=2;s=Press_Line.Component.FB_1000Ton_Press_1.TechnicalData.TechnicalProperties.Press.G, , , , 100, -1
ns=2;s=Press_Line.Component.FB_1000Ton_Press_1.TechnicalData.TechnicalProperties.Press.H, , , , 100, -1
ns=2;s=Press_Line.Component.FB_1000Ton_Press_1.TechnicalData.TechnicalProperties.Press.I, , , , 100, -1
ns=2;s=Press_Line.Component.FB_1000Ton_Press_1.TechnicalData.TechnicalProperties.ToolSpace.UpperBolster_a, , , , 100, -1
ns=2;s=Press_Line.Component.FB_1000Ton_Press_1.TechnicalData.TechnicalProperties.ToolSpace.UpperBolster_b, , , , 100, -1
ns=2;s=Press_Line.Component.FB_1000Ton_Press_1.TechnicalData.TechnicalProperties.ToolSpace.UpperBolster_c, , , , 100, -1
ns=2;s=Press_Line.Component.FB_1000Ton_Press_1.TechnicalData.TechnicalProperties.ToolSpace.LowerBolster_e, , , , 100, -1
ns=2;s=Press_Line.Component.FB_1000Ton_Press_1.TechnicalData.TechnicalProperties.ToolSpace.LowerBolster_f, , , , 100, -1
ns=2;s=Press_Line.Component.FB_1000Ton_Press_1.TechnicalData.TechnicalProperties.ToolSpace.LowerBolster_g, , , , 100, -1
ns=2;s=Press_Line.Component.FB_1000Ton_Press_1.TechnicalData.TechnicalProperties.AdapterPlate.X, , , , 100, -1
ns=2;s=Press_Line.Component.FB_1000Ton_Press_1.TechnicalData.TechnicalProperties.AdapterPlate.Y, , , , 100, -1
ns=2;s=Press_Line.Component.FB_1000Ton_Press_1.TechnicalData.TechnicalProperties.AdapterPlate.Z, , , , 100, -1
ns=2;s=Press_Line.Component.FB_1000Ton_Press_1.TechnicalData.TechnicalProperties.AdapterPlate.UpperInsertRing_Du, , , , 100, -1
ns=2;s=Press_Line.Component.FB_1000Ton_Press_1.TechnicalData.TechnicalProperties.AdapterPlate.UpperInsertRing_du, , , , 100, -1
ns=2;s=Press_Line.Component.FB_1000Ton_Press_1.TechnicalData.TechnicalProperties.AdapterPlate.UpperInsertRing_Tu, , , , 100, -1
ns=2;s=Press_Line.Component.FB_1000Ton_Press_1.TechnicalData.TechnicalProperties.AdapterPlate.LowerInsertRing_Dl, , , , 100, -1
ns=2;s=Press_Line.Component.FB_1000Ton_Press_1.TechnicalData.TechnicalProperties.AdapterPlate.LowerInsertRing_dl, , , , 100, -1
ns=2;s=Press_Line.Component.FB_1000Ton_Press_1.TechnicalData.TechnicalProperties.AdapterPlate.LowerInsertRing_Tl, , , , 100, -1
ns=2;s=Press_Line.Component.FB_1000Ton_Press_1.TechnicalData.TechnicalProperties.AdapterPlate.ShutHeight, , , , 100, -1
ns=2;s=Press_Line.Component.FB_1000Ton_Press_1.TechnicalData.TechnicalProperties.AdapterPlate.MaxOpenHeight, , , , 100, -1
ns=2;s=Press_Line.Component.FB_1000Ton_Press_2.Nameplate.ManufacturerName, , , , 100, -1
ns=2;s=Press_Line.Component.FB_1000Ton_Press_2.Nameplate.ManufacturerTypName, , , , 100, -1
ns=2;s=Press_Line.Component.FB_1000Ton_Press_2.Nameplate.PhysicalAddress01.CountryCode, , , , 100, -1
ns=2;s=Press_Line.Component.FB_1000Ton_Press_2.Nameplate.PhysicalAddress01.Street, , , , 100, -1
ns=2;s=Press_Line.Component.FB_1000Ton_Press_2.Nameplate.PhysicalAddress01.PostalCode, , , , 100, -1
ns=2;s=Press_Line.Component.FB_1000Ton_Press_2.Nameplate.PhysicalAddress01.City, , , , 100, -1
ns=2;s=Press_Line.Component.FB_1000Ton_Press_2.Nameplate.PhysicalAddress01.StateCounty, , , , 100, -1
ns=2;s=Press_Line.Component.FB_1000Ton_Press_2.Nameplate.SerialNo, , , , 100, -1
ns=2;s=Press_Line.Component.FB_1000Ton_Press_2.Nameplate.CountryOfOrigin, , , , 100, -1
ns=2;s=Press_Line.Component.FB_1000Ton_Press_2.Nameplate.YearOfConstruction, , , , 100, -1
ns=2;s=Press_Line.Component.FB_1000Ton_Press_2.Identification.ManufacturerName, , , , 100, -1
ns=2;s=Press_Line.Component.FB_1000Ton_Press_2.Identification.ManufacturerTypName, , , , 100, -1
ns=2;s=Press_Line.Component.FB_1000Ton_Press_2.Identification.ManufacturerTypDescription, , , , 100, -1
ns=2;s=Press_Line.Component.FB_1000Ton_Press_2.Identification.SupplierName, , , , 100, -1
ns=2;s=Press_Line.Component.FB_1000Ton_Press_2.Identification.SupplierTypName, , , , 100, -1
ns=2;s=Press_Line.Component.FB_1000Ton_Press_2.Identification.SupplierTypDescription, , , , 100, -1
ns=2;s=Press_Line.Component.FB_1000Ton_Press_2.Identification.AssetId, , , , 100, -1
ns=2;s=Press_Line.Component.FB_1000Ton_Press_2.Identification.ManufacturingDate, , , , 100, -1
ns=2;s=Press_Line.Component.FB_1000Ton_Press_2.Identification.DeviceRevision, , , , 100, -1
ns=2;s=Press_Line.Component.FB_1000Ton_Press_2.Identification.SoftwareRevision, , , , 100, -1
ns=2;s=Press_Line.Component.FB_1000Ton_Press_2.Identification.HardwareRevision, , , , 100, -1
ns=2;s=Press_Line.Component.FB_1000Ton_Press_2.Identification.ContactInfo01.Name, , , , 100, -1
ns=2;s=Press_Line.Component.FB_1000Ton_Press_2.Identification.ContactInfo01.Role, , , , 100, -1
ns=2;s=Press_Line.Component.FB_1000Ton_Press_2.Identification.ContactInfo01.PhysicalAddress.CountryCode, , , , 100, -1
ns=2;s=Press_Line.Component.FB_1000Ton_Press_2.Identification.ContactInfo01.PhysicalAddress.Street, , , , 100, -1
ns=2;s=Press_Line.Component.FB_1000Ton_Press_2.Identification.ContactInfo01.PhysicalAddress.PostalCode, , , , 100, -1
ns=2;s=Press_Line.Component.FB_1000Ton_Press_2.Identification.ContactInfo01.PhysicalAddress.City, , , , 100, -1
ns=2;s=Press_Line.Component.FB_1000Ton_Press_2.Identification.ContactInfo01.PhysicalAddress.StateCountry, , , , 100, -1
ns=2;s=Press_Line.Component.FB_1000Ton_Press_2.Identification.ContactInfo01.Email, , , , 100, -1
ns=2;s=Press_Line.Component.FB_1000Ton_Press_2.Identification.ContactInfo01.URL, , , , 100, -1
ns=2;s=Press_Line.Component.FB_1000Ton_Press_2.Identification.ContactInfo01.Phone, , , , 100, -1
ns=2;s=Press_Line.Component.FB_1000Ton_Press_2.Identification.ContactInfo01.Fax, , , , 100, -1
ns=2;s=Press_Line.Component.FB_1000Ton_Press_2.Identification.URL, , , , 100, -1
ns=2;s=Press_Line.Component.FB_1000Ton_Press_2.OperationalData.AccumulatorPressAct, , , , 100, -1
ns=2;s=Press_Line.Component.FB_1000Ton_Press_2.OperationalData.CounterPressAct, , , , 100, -1
ns=2;s=Press_Line.Component.FB_1000Ton_Press_2.OperationalData.EndCounter, , , , 100, -1
ns=2;s=Press_Line.Component.FB_1000Ton_Press_2.OperationalData.FeedLength, , , , 100, -1
ns=2;s=Press_Line.Component.FB_1000Ton_Press_2.OperationalData.MainPressAct, , , , 100, -1
ns=2;s=Press_Line.Component.FB_1000Ton_Press_2.OperationalData.MainPumpPress_Act, , , , 100, -1
ns=2;s=Press_Line.Component.FB_1000Ton_Press_2.OperationalData.OilTemperature, , , , 100, -1
ns=2;s=Press_Line.Component.FB_1000Ton_Press_2.OperationalData.ProductCounter, , , , 100, -1
ns=2;s=Press_Line.Component.FB_1000Ton_Press_2.OperationalData.StrokeCounter, , , , 100, -1
ns=2;s=Press_Line.Component.FB_1000Ton_Press_2.OperationalData.VRingPressAct, , , , 100, -1
ns=2;s=Press_Line.Component.FB_1000Ton_Press_2.OperationalData.AI0_Vibration, , , , 100, -1
ns=2;s=Press_Line.Component.FB_1000Ton_Press_2.OperationalData.AI1_Vibration, , , , 100, -1
ns=2;s=Press_Line.Component.FB_1000Ton_Press_2.OperationalData.AI2_Current, , , , 100, -1
ns=2;s=Press_Line.Component.FB_1000Ton_Press_2.TechnicalData.GeneralInformation.ManufacturerName, , , , 100, -1
ns=2;s=Press_Line.Component.FB_1000Ton_Press_2.TechnicalData.GeneralInformation.ManufacturerProductDesignation, , , , 100, -1
ns=2;s=Press_Line.Component.FB_1000Ton_Press_2.TechnicalData.TechnicalProperties.Forces.TotalForce, , , , 100, -1
ns=2;s=Press_Line.Component.FB_1000Ton_Press_2.TechnicalData.TechnicalProperties.Forces.V-ringForce, , , , 100, -1
ns=2;s=Press_Line.Component.FB_1000Ton_Press_2.TechnicalData.TechnicalProperties.Forces.CounterForce, , , , 100, -1
ns=2;s=Press_Line.Component.FB_1000Ton_Press_2.TechnicalData.TechnicalProperties.Forces.Cutter-CutterForce, , , , 100, -1
ns=2;s=Press_Line.Component.FB_1000Ton_Press_2.TechnicalData.TechnicalProperties.Forces.StrokeLength, , , , 100, -1
ns=2;s=Press_Line.Component.FB_1000Ton_Press_2.TechnicalData.TechnicalProperties.Forces.MaxStroke, , , , 100, -1
ns=2;s=Press_Line.Component.FB_1000Ton_Press_2.TechnicalData.TechnicalProperties.Forces.CuttingSpeed, , , , 100, -1
ns=2;s=Press_Line.Component.FB_1000Ton_Press_2.TechnicalData.TechnicalProperties.Forces.MaxApprochSpeed, , , , 100, -1
ns=2;s=Press_Line.Component.FB_1000Ton_Press_2.TechnicalData.TechnicalProperties.Forces.MaxDecentSpeed, , , , 100, -1
ns=2;s=Press_Line.Component.FB_1000Ton_Press_2.TechnicalData.TechnicalProperties.Material.MinSheetLength, , , , 100, -1
ns=2;s=Press_Line.Component.FB_1000Ton_Press_2.TechnicalData.TechnicalProperties.Material.MinSheetWidth, , , , 100, -1
ns=2;s=Press_Line.Component.FB_1000Ton_Press_2.TechnicalData.TechnicalProperties.Material.MinSheetThickness, , , , 100, -1
ns=2;s=Press_Line.Component.FB_1000Ton_Press_2.TechnicalData.TechnicalProperties.ElectricPower.TotalPower, , , , 100, -1
ns=2;s=Press_Line.Component.FB_1000Ton_Press_2.TechnicalData.TechnicalProperties.ElectricPower.MainDrive, , , , 100, -1
ns=2;s=Press_Line.Component.FB_1000Ton_Press_2.TechnicalData.TechnicalProperties.Hydrauric.OilCooler, , , , 100, -1
ns=2;s=Press_Line.Component.FB_1000Ton_Press_2.TechnicalData.TechnicalProperties.Hydrauric.OilTankCapacity, , , , 100, -1
ns=2;s=Press_Line.Component.FB_1000Ton_Press_2.TechnicalData.TechnicalProperties.Press.A, , , , 100, -1
ns=2;s=Press_Line.Component.FB_1000Ton_Press_2.TechnicalData.TechnicalProperties.Press.B, , , , 100, -1
ns=2;s=Press_Line.Component.FB_1000Ton_Press_2.TechnicalData.TechnicalProperties.Press.C, , , , 100, -1
ns=2;s=Press_Line.Component.FB_1000Ton_Press_2.TechnicalData.TechnicalProperties.Press.D, , , , 100, -1
ns=2;s=Press_Line.Component.FB_1000Ton_Press_2.TechnicalData.TechnicalProperties.Press.E, , , , 100, -1
ns=2;s=Press_Line.Component.FB_1000Ton_Press_2.TechnicalData.TechnicalProperties.Press.F, , , , 100, -1
ns=2;s=Press_Line.Component.FB_1000Ton_Press_2.TechnicalData.TechnicalProperties.Press.G, , , , 100, -1
ns=2;s=Press_Line.Component.FB_1000Ton_Press_2.TechnicalData.TechnicalProperties.Press.H, , , , 100, -1
ns=2;s=Press_Line.Component.FB_1000Ton_Press_2.TechnicalData.TechnicalProperties.Press.I, , , , 100, -1
ns=2;s=Press_Line.Component.FB_1000Ton_Press_2.TechnicalData.TechnicalProperties.ToolSpace.UpperBolster_a, , , , 100, -1
ns=2;s=Press_Line.Component.FB_1000Ton_Press_2.TechnicalData.TechnicalProperties.ToolSpace.UpperBolster_b, , , , 100, -1
ns=2;s=Press_Line.Component.FB_1000Ton_Press_2.TechnicalData.TechnicalProperties.ToolSpace.UpperBolster_c, , , , 100, -1
ns=2;s=Press_Line.Component.FB_1000Ton_Press_2.TechnicalData.TechnicalProperties.ToolSpace.LowerBolster_e, , , , 100, -1
ns=2;s=Press_Line.Component.FB_1000Ton_Press_2.TechnicalData.TechnicalProperties.ToolSpace.LowerBolster_f, , , , 100, -1
ns=2;s=Press_Line.Component.FB_1000Ton_Press_2.TechnicalData.TechnicalProperties.ToolSpace.LowerBolster_g, , , , 100, -1
ns=2;s=Press_Line.Component.FB_1000Ton_Press_2.TechnicalData.TechnicalProperties.AdapterPlate.X, , , , 100, -1
ns=2;s=Press_Line.Component.FB_1000Ton_Press_2.TechnicalData.TechnicalProperties.AdapterPlate.Y, , , , 100, -1
ns=2;s=Press_Line.Component.FB_1000Ton_Press_2.TechnicalData.TechnicalProperties.AdapterPlate.Z, , , , 100, -1
ns=2;s=Press_Line.Component.FB_1000Ton_Press_2.TechnicalData.TechnicalProperties.AdapterPlate.UpperInsertRing_Du, , , , 100, -1
ns=2;s=Press_Line.Component.FB_1000Ton_Press_2.TechnicalData.TechnicalProperties.AdapterPlate.UpperInsertRing_du, , , , 100, -1
ns=2;s=Press_Line.Component.FB_1000Ton_Press_2.TechnicalData.TechnicalProperties.AdapterPlate.UpperInsertRing_Tu, , , , 100, -1
ns=2;s=Press_Line.Component.FB_1000Ton_Press_2.TechnicalData.TechnicalProperties.AdapterPlate.LowerInsertRing_Dl, , , , 100, -1
ns=2;s=Press_Line.Component.FB_1000Ton_Press_2.TechnicalData.TechnicalProperties.AdapterPlate.LowerInsertRing_dl, , , , 100, -1
ns=2;s=Press_Line.Component.FB_1000Ton_Press_2.TechnicalData.TechnicalProperties.AdapterPlate.LowerInsertRing_Tl, , , , 100, -1
ns=2;s=Press_Line.Component.FB_1000Ton_Press_2.TechnicalData.TechnicalProperties.AdapterPlate.ShutHeight, , , , 100, -1
ns=2;s=Press_Line.Component.FB_1000Ton_Press_2.TechnicalData.TechnicalProperties.AdapterPlate.MaxOpenHeight, , , , 100, -1
ns=2;s=Press_Line.Component.FB_1000Ton_Press_3.Nameplate.ManufacturerName, , , , 100, -1
ns=2;s=Press_Line.Component.FB_1000Ton_Press_3.Nameplate.ManufacturerTypName, , , , 100, -1
ns=2;s=Press_Line.Component.FB_1000Ton_Press_3.Nameplate.PhysicalAddress01.CountryCode, , , , 100, -1
ns=2;s=Press_Line.Component.FB_1000Ton_Press_3.Nameplate.PhysicalAddress01.Street, , , , 100, -1
ns=2;s=Press_Line.Component.FB_1000Ton_Press_3.Nameplate.PhysicalAddress01.PostalCode, , , , 100, -1
ns=2;s=Press_Line.Component.FB_1000Ton_Press_3.Nameplate.PhysicalAddress01.City, , , , 100, -1
ns=2;s=Press_Line.Component.FB_1000Ton_Press_3.Nameplate.PhysicalAddress01.StateCounty, , , , 100, -1
ns=2;s=Press_Line.Component.FB_1000Ton_Press_3.Nameplate.SerialNo, , , , 100, -1
ns=2;s=Press_Line.Component.FB_1000Ton_Press_3.Nameplate.CountryOfOrigin, , , , 100, -1
ns=2;s=Press_Line.Component.FB_1000Ton_Press_3.Nameplate.YearOfConstruction, , , , 100, -1
ns=2;s=Press_Line.Component.FB_1000Ton_Press_3.Identification.ManufacturerName, , , , 100, -1
ns=2;s=Press_Line.Component.FB_1000Ton_Press_3.Identification.ManufacturerTypName, , , , 100, -1
ns=2;s=Press_Line.Component.FB_1000Ton_Press_3.Identification.ManufacturerTypDescription, , , , 100, -1
ns=2;s=Press_Line.Component.FB_1000Ton_Press_3.Identification.SupplierName, , , , 100, -1
ns=2;s=Press_Line.Component.FB_1000Ton_Press_3.Identification.SupplierTypName, , , , 100, -1
ns=2;s=Press_Line.Component.FB_1000Ton_Press_3.Identification.SupplierTypDescription, , , , 100, -1
ns=2;s=Press_Line.Component.FB_1000Ton_Press_3.Identification.AssetId, , , , 100, -1
ns=2;s=Press_Line.Component.FB_1000Ton_Press_3.Identification.ManufacturingDate, , , , 100, -1
ns=2;s=Press_Line.Component.FB_1000Ton_Press_3.Identification.DeviceRevision, , , , 100, -1
ns=2;s=Press_Line.Component.FB_1000Ton_Press_3.Identification.SoftwareRevision, , , , 100, -1
ns=2;s=Press_Line.Component.FB_1000Ton_Press_3.Identification.HardwareRevision, , , , 100, -1
ns=2;s=Press_Line.Component.FB_1000Ton_Press_3.Identification.ContactInfo01.Name, , , , 100, -1
ns=2;s=Press_Line.Component.FB_1000Ton_Press_3.Identification.ContactInfo01.Role, , , , 100, -1
ns=2;s=Press_Line.Component.FB_1000Ton_Press_3.Identification.ContactInfo01.PhysicalAddress.CountryCode, , , , 100, -1
ns=2;s=Press_Line.Component.FB_1000Ton_Press_3.Identification.ContactInfo01.PhysicalAddress.Street, , , , 100, -1
ns=2;s=Press_Line.Component.FB_1000Ton_Press_3.Identification.ContactInfo01.PhysicalAddress.PostalCode, , , , 100, -1
ns=2;s=Press_Line.Component.FB_1000Ton_Press_3.Identification.ContactInfo01.PhysicalAddress.City, , , , 100, -1
ns=2;s=Press_Line.Component.FB_1000Ton_Press_3.Identification.ContactInfo01.PhysicalAddress.StateCountry, , , , 100, -1
ns=2;s=Press_Line.Component.FB_1000Ton_Press_3.Identification.ContactInfo01.Email, , , , 100, -1
ns=2;s=Press_Line.Component.FB_1000Ton_Press_3.Identification.ContactInfo01.URL, , , , 100, -1
ns=2;s=Press_Line.Component.FB_1000Ton_Press_3.Identification.ContactInfo01.Phone, , , , 100, -1
ns=2;s=Press_Line.Component.FB_1000Ton_Press_3.Identification.ContactInfo01.Fax, , , , 100, -1
ns=2;s=Press_Line.Component.FB_1000Ton_Press_3.Identification.URL, , , , 100, -1
ns=2;s=Press_Line.Component.FB_1000Ton_Press_3.OperationalData.AccumulatorPressAct, , , , 100, -1
ns=2;s=Press_Line.Component.FB_1000Ton_Press_3.OperationalData.CounterPressAct, , , , 100, -1
ns=2;s=Press_Line.Component.FB_1000Ton_Press_3.OperationalData.EndCounter, , , , 100, -1
ns=2;s=Press_Line.Component.FB_1000Ton_Press_3.OperationalData.FeedLength, , , , 100, -1
ns=2;s=Press_Line.Component.FB_1000Ton_Press_3.OperationalData.MainPressAct, , , , 100, -1
ns=2;s=Press_Line.Component.FB_1000Ton_Press_3.OperationalData.MainPumpPress_Act, , , , 100, -1
ns=2;s=Press_Line.Component.FB_1000Ton_Press_3.OperationalData.OilTemperature, , , , 100, -1
ns=2;s=Press_Line.Component.FB_1000Ton_Press_3.OperationalData.ProductCounter, , , , 100, -1
ns=2;s=Press_Line.Component.FB_1000Ton_Press_3.OperationalData.StrokeCounter, , , , 100, -1
ns=2;s=Press_Line.Component.FB_1000Ton_Press_3.OperationalData.ToolSafetyPressAct, , , , 100, -1
ns=2;s=Press_Line.Component.FB_1000Ton_Press_3.OperationalData.VRingPressAct, , , , 100, -1
ns=2;s=Press_Line.Component.FB_1000Ton_Press_3.OperationalData.AccuMiddlePressAct, , , , 100, -1
ns=2;s=Press_Line.Component.FB_1000Ton_Press_3.OperationalData.AI0_Vibration, , , , 100, -1
ns=2;s=Press_Line.Component.FB_1000Ton_Press_3.OperationalData.AI1_Vibration, , , , 100, -1
ns=2;s=Press_Line.Component.FB_1000Ton_Press_3.OperationalData.AI2_Current, , , , 100, -1
ns=2;s=Press_Line.Component.FB_1000Ton_Press_3.TechnicalData.GeneralInformation.ManufacturerName, , , , 100, -1
ns=2;s=Press_Line.Component.FB_1000Ton_Press_3.TechnicalData.GeneralInformation.ManufacturerProductDesignation, , , , 100, -1
ns=2;s=Press_Line.Component.FB_1000Ton_Press_3.TechnicalData.TechnicalProperties.Forces.TotalForce, , , , 100, -1
ns=2;s=Press_Line.Component.FB_1000Ton_Press_3.TechnicalData.TechnicalProperties.Forces.V-ringForce, , , , 100, -1
ns=2;s=Press_Line.Component.FB_1000Ton_Press_3.TechnicalData.TechnicalProperties.Forces.CounterForce, , , , 100, -1
ns=2;s=Press_Line.Component.FB_1000Ton_Press_3.TechnicalData.TechnicalProperties.Forces.Cutter-CutterForce, , , , 100, -1
ns=2;s=Press_Line.Component.FB_1000Ton_Press_3.TechnicalData.TechnicalProperties.Forces.StrokeLength, , , , 100, -1
ns=2;s=Press_Line.Component.FB_1000Ton_Press_3.TechnicalData.TechnicalProperties.Forces.MaxStroke, , , , 100, -1
ns=2;s=Press_Line.Component.FB_1000Ton_Press_3.TechnicalData.TechnicalProperties.Forces.CuttingSpeed, , , , 100, -1
ns=2;s=Press_Line.Component.FB_1000Ton_Press_3.TechnicalData.TechnicalProperties.Forces.MaxApprochSpeed, , , , 100, -1
ns=2;s=Press_Line.Component.FB_1000Ton_Press_3.TechnicalData.TechnicalProperties.Forces.MaxDecentSpeed, , , , 100, -1
ns=2;s=Press_Line.Component.FB_1000Ton_Press_3.TechnicalData.TechnicalProperties.Material.MinSheetLength, , , , 100, -1
ns=2;s=Press_Line.Component.FB_1000Ton_Press_3.TechnicalData.TechnicalProperties.Material.MinSheetWidth, , , , 100, -1
ns=2;s=Press_Line.Component.FB_1000Ton_Press_3.TechnicalData.TechnicalProperties.Material.MinSheetThickness, , , , 100, -1
ns=2;s=Press_Line.Component.FB_1000Ton_Press_3.TechnicalData.TechnicalProperties.ElectricPower.TotalPower, , , , 100, -1
ns=2;s=Press_Line.Component.FB_1000Ton_Press_3.TechnicalData.TechnicalProperties.ElectricPower.MainDrive, , , , 100, -1
ns=2;s=Press_Line.Component.FB_1000Ton_Press_3.TechnicalData.TechnicalProperties.Hydrauric.OilCooler, , , , 100, -1
ns=2;s=Press_Line.Component.FB_1000Ton_Press_3.TechnicalData.TechnicalProperties.Hydrauric.OilTankCapacity, , , , 100, -1
ns=2;s=Press_Line.Component.FB_1000Ton_Press_3.TechnicalData.TechnicalProperties.Press.A, , , , 100, -1
ns=2;s=Press_Line.Component.FB_1000Ton_Press_3.TechnicalData.TechnicalProperties.Press.B, , , , 100, -1
ns=2;s=Press_Line.Component.FB_1000Ton_Press_3.TechnicalData.TechnicalProperties.Press.C, , , , 100, -1
ns=2;s=Press_Line.Component.FB_1000Ton_Press_3.TechnicalData.TechnicalProperties.Press.D, , , , 100, -1
ns=2;s=Press_Line.Component.FB_1000Ton_Press_3.TechnicalData.TechnicalProperties.Press.E, , , , 100, -1
ns=2;s=Press_Line.Component.FB_1000Ton_Press_3.TechnicalData.TechnicalProperties.Press.F, , , , 100, -1
ns=2;s=Press_Line.Component.FB_1000Ton_Press_3.TechnicalData.TechnicalProperties.Press.G, , , , 100, -1
ns=2;s=Press_Line.Component.FB_1000Ton_Press_3.TechnicalData.TechnicalProperties.Press.H, , , , 100, -1
ns=2;s=Press_Line.Component.FB_1000Ton_Press_3.TechnicalData.TechnicalProperties.Press.I, , , , 100, -1
ns=2;s=Press_Line.Component.FB_1000Ton_Press_3.TechnicalData.TechnicalProperties.ToolSpace.UpperBolster_a, , , , 100, -1
ns=2;s=Press_Line.Component.FB_1000Ton_Press_3.TechnicalData.TechnicalProperties.ToolSpace.UpperBolster_b, , , , 100, -1
ns=2;s=Press_Line.Component.FB_1000Ton_Press_3.TechnicalData.TechnicalProperties.ToolSpace.UpperBolster_c, , , , 100, -1
ns=2;s=Press_Line.Component.FB_1000Ton_Press_3.TechnicalData.TechnicalProperties.ToolSpace.LowerBolster_e, , , , 100, -1
ns=2;s=Press_Line.Component.FB_1000Ton_Press_3.TechnicalData.TechnicalProperties.ToolSpace.LowerBolster_f, , , , 100, -1
ns=2;s=Press_Line.Component.FB_1000Ton_Press_3.TechnicalData.TechnicalProperties.ToolSpace.LowerBolster_g, , , , 100, -1
ns=2;s=Press_Line.Component.FB_1000Ton_Press_3.TechnicalData.TechnicalProperties.AdapterPlate.X, , , , 100, -1
ns=2;s=Press_Line.Component.FB_1000Ton_Press_3.TechnicalData.TechnicalProperties.AdapterPlate.Y, , , , 100, -1
ns=2;s=Press_Line.Component.FB_1000Ton_Press_3.TechnicalData.TechnicalProperties.AdapterPlate.Z, , , , 100, -1
ns=2;s=Press_Line.Component.FB_1000Ton_Press_3.TechnicalData.TechnicalProperties.AdapterPlate.UpperInsertRing_Du, , , , 100, -1
ns=2;s=Press_Line.Component.FB_1000Ton_Press_3.TechnicalData.TechnicalProperties.AdapterPlate.UpperInsertRing_du, , , , 100, -1
ns=2;s=Press_Line.Component.FB_1000Ton_Press_3.TechnicalData.TechnicalProperties.AdapterPlate.UpperInsertRing_Tu, , , , 100, -1
ns=2;s=Press_Line.Component.FB_1000Ton_Press_3.TechnicalData.TechnicalProperties.AdapterPlate.LowerInsertRing_Dl, , , , 100, -1
ns=2;s=Press_Line.Component.FB_1000Ton_Press_3.TechnicalData.TechnicalProperties.AdapterPlate.LowerInsertRing_dl, , , , 100, -1
ns=2;s=Press_Line.Component.FB_1000Ton_Press_3.TechnicalData.TechnicalProperties.AdapterPlate.LowerInsertRing_Tl, , , , 100, -1
ns=2;s=Press_Line.Component.FB_1000Ton_Press_3.TechnicalData.TechnicalProperties.AdapterPlate.ShutHeight, , , , 100, -1
ns=2;s=Press_Line.Component.FB_1000Ton_Press_3.TechnicalData.TechnicalProperties.AdapterPlate.MaxOpenHeight, , , , 100, -1
ns=2;s=Press_Line.Component.FB_1000Ton_Press_4.Nameplate.ManufacturerName, , , , 100, -1
ns=2;s=Press_Line.Component.FB_1000Ton_Press_4.Nameplate.ManufacturerTypName, , , , 100, -1
ns=2;s=Press_Line.Component.FB_1000Ton_Press_4.Nameplate.PhysicalAddress01.CountryCode, , , , 100, -1
ns=2;s=Press_Line.Component.FB_1000Ton_Press_4.Nameplate.PhysicalAddress01.Street, , , , 100, -1
ns=2;s=Press_Line.Component.FB_1000Ton_Press_4.Nameplate.PhysicalAddress01.PostalCode, , , , 100, -1
ns=2;s=Press_Line.Component.FB_1000Ton_Press_4.Nameplate.PhysicalAddress01.City, , , , 100, -1
ns=2;s=Press_Line.Component.FB_1000Ton_Press_4.Nameplate.PhysicalAddress01.StateCounty, , , , 100, -1
ns=2;s=Press_Line.Component.FB_1000Ton_Press_4.Nameplate.SerialNo, , , , 100, -1
ns=2;s=Press_Line.Component.FB_1000Ton_Press_4.Nameplate.CountryOfOrigin, , , , 100, -1
ns=2;s=Press_Line.Component.FB_1000Ton_Press_4.Nameplate.YearOfConstruction, , , , 100, -1
ns=2;s=Press_Line.Component.FB_1000Ton_Press_4.Identification.ManufacturerName, , , , 100, -1
ns=2;s=Press_Line.Component.FB_1000Ton_Press_4.Identification.ManufacturerTypName, , , , 100, -1
ns=2;s=Press_Line.Component.FB_1000Ton_Press_4.Identification.ManufacturerTypDescription, , , , 100, -1
ns=2;s=Press_Line.Component.FB_1000Ton_Press_4.Identification.SupplierName, , , , 100, -1
ns=2;s=Press_Line.Component.FB_1000Ton_Press_4.Identification.SupplierTypName, , , , 100, -1
ns=2;s=Press_Line.Component.FB_1000Ton_Press_4.Identification.SupplierTypDescription, , , , 100, -1
ns=2;s=Press_Line.Component.FB_1000Ton_Press_4.Identification.AssetId, , , , 100, -1
ns=2;s=Press_Line.Component.FB_1000Ton_Press_4.Identification.ManufacturingDate, , , , 100, -1
ns=2;s=Press_Line.Component.FB_1000Ton_Press_4.Identification.DeviceRevision, , , , 100, -1
ns=2;s=Press_Line.Component.FB_1000Ton_Press_4.Identification.SoftwareRevision, , , , 100, -1
ns=2;s=Press_Line.Component.FB_1000Ton_Press_4.Identification.HardwareRevision, , , , 100, -1
ns=2;s=Press_Line.Component.FB_1000Ton_Press_4.Identification.ContactInfo01.Name, , , , 100, -1
ns=2;s=Press_Line.Component.FB_1000Ton_Press_4.Identification.ContactInfo01.Role, , , , 100, -1
ns=2;s=Press_Line.Component.FB_1000Ton_Press_4.Identification.ContactInfo01.PhysicalAddress.CountryCode, , , , 100, -1
ns=2;s=Press_Line.Component.FB_1000Ton_Press_4.Identification.ContactInfo01.PhysicalAddress.Street, , , , 100, -1
ns=2;s=Press_Line.Component.FB_1000Ton_Press_4.Identification.ContactInfo01.PhysicalAddress.PostalCode, , , , 100, -1
ns=2;s=Press_Line.Component.FB_1000Ton_Press_4.Identification.ContactInfo01.PhysicalAddress.City, , , , 100, -1
ns=2;s=Press_Line.Component.FB_1000Ton_Press_4.Identification.ContactInfo01.PhysicalAddress.StateCountry, , , , 100, -1
ns=2;s=Press_Line.Component.FB_1000Ton_Press_4.Identification.ContactInfo01.Email, , , , 100, -1
ns=2;s=Press_Line.Component.FB_1000Ton_Press_4.Identification.ContactInfo01.URL, , , , 100, -1
ns=2;s=Press_Line.Component.FB_1000Ton_Press_4.Identification.ContactInfo01.Phone, , , , 100, -1
ns=2;s=Press_Line.Component.FB_1000Ton_Press_4.Identification.ContactInfo01.Fax, , , , 100, -1
ns=2;s=Press_Line.Component.FB_1000Ton_Press_4.Identification.URL, , , , 100, -1
ns=2;s=Press_Line.Component.FB_1000Ton_Press_4.OperationalData.AccumulatorPressAct, , , , 100, -1
ns=2;s=Press_Line.Component.FB_1000Ton_Press_4.OperationalData.CounterPressAct, , , , 100, -1
ns=2;s=Press_Line.Component.FB_1000Ton_Press_4.OperationalData.EndCounter, , , , 100, -1
ns=2;s=Press_Line.Component.FB_1000Ton_Press_4.OperationalData.FeedLength, , , , 100, -1
ns=2;s=Press_Line.Component.FB_1000Ton_Press_4.OperationalData.MainPressAct, , , , 100, -1
ns=2;s=Press_Line.Component.FB_1000Ton_Press_4.OperationalData.MainPumpPress_Act, , , , 100, -1
ns=2;s=Press_Line.Component.FB_1000Ton_Press_4.OperationalData.OilTemperature, , , , 100, -1
ns=2;s=Press_Line.Component.FB_1000Ton_Press_4.OperationalData.ProductCounter, , , , 100, -1
ns=2;s=Press_Line.Component.FB_1000Ton_Press_4.OperationalData.StrokeCounter, , , , 100, -1
ns=2;s=Press_Line.Component.FB_1000Ton_Press_4.OperationalData.ToolSafetyPressAct, , , , 100, -1
ns=2;s=Press_Line.Component.FB_1000Ton_Press_4.OperationalData.VRingPressAct, , , , 100, -1
ns=2;s=Press_Line.Component.FB_1000Ton_Press_4.OperationalData.AI0_Vibration, , , , 100, -1
ns=2;s=Press_Line.Component.FB_1000Ton_Press_4.OperationalData.AI1_Vibration, , , , 100, -1
ns=2;s=Press_Line.Component.FB_1000Ton_Press_4.OperationalData.AI2_Current, , , , 100, -1
ns=2;s=Press_Line.Component.FB_1000Ton_Press_4.TechnicalData.GeneralInformation.ManufacturerName, , , , 100, -1
ns=2;s=Press_Line.Component.FB_1000Ton_Press_4.TechnicalData.GeneralInformation.ManufacturerProductDesignation, , , , 100, -1
ns=2;s=Press_Line.Component.FB_1000Ton_Press_4.TechnicalData.TechnicalProperties.Forces.TotalForce, , , , 100, -1
ns=2;s=Press_Line.Component.FB_1000Ton_Press_4.TechnicalData.TechnicalProperties.Forces.V-ringForce, , , , 100, -1
ns=2;s=Press_Line.Component.FB_1000Ton_Press_4.TechnicalData.TechnicalProperties.Forces.CounterForce, , , , 100, -1
ns=2;s=Press_Line.Component.FB_1000Ton_Press_4.TechnicalData.TechnicalProperties.Forces.Cutter-CutterForce, , , , 100, -1
ns=2;s=Press_Line.Component.FB_1000Ton_Press_4.TechnicalData.TechnicalProperties.Forces.StrokeLength, , , , 100, -1
ns=2;s=Press_Line.Component.FB_1000Ton_Press_4.TechnicalData.TechnicalProperties.Forces.MaxStroke, , , , 100, -1
ns=2;s=Press_Line.Component.FB_1000Ton_Press_4.TechnicalData.TechnicalProperties.Forces.CuttingSpeed, , , , 100, -1
ns=2;s=Press_Line.Component.FB_1000Ton_Press_4.TechnicalData.TechnicalProperties.Forces.MaxApprochSpeed, , , , 100, -1
ns=2;s=Press_Line.Component.FB_1000Ton_Press_4.TechnicalData.TechnicalProperties.Forces.MaxDecentSpeed, , , , 100, -1
ns=2;s=Press_Line.Component.FB_1000Ton_Press_4.TechnicalData.TechnicalProperties.Material.MinSheetLength, , , , 100, -1
ns=2;s=Press_Line.Component.FB_1000Ton_Press_4.TechnicalData.TechnicalProperties.Material.MinSheetWidth, , , , 100, -1
ns=2;s=Press_Line.Component.FB_1000Ton_Press_4.TechnicalData.TechnicalProperties.Material.MinSheetThickness, , , , 100, -1
ns=2;s=Press_Line.Component.FB_1000Ton_Press_4.TechnicalData.TechnicalProperties.ElectricPower.TotalPower, , , , 100, -1
ns=2;s=Press_Line.Component.FB_1000Ton_Press_4.TechnicalData.TechnicalProperties.ElectricPower.MainDrive, , , , 100, -1
ns=2;s=Press_Line.Component.FB_1000Ton_Press_4.TechnicalData.TechnicalProperties.Hydrauric.OilCooler, , , , 100, -1
ns=2;s=Press_Line.Component.FB_1000Ton_Press_4.TechnicalData.TechnicalProperties.Hydrauric.OilTankCapacity, , , , 100, -1
ns=2;s=Press_Line.Component.FB_1000Ton_Press_4.TechnicalData.TechnicalProperties.Press.A, , , , 100, -1
ns=2;s=Press_Line.Component.FB_1000Ton_Press_4.TechnicalData.TechnicalProperties.Press.B, , , , 100, -1
ns=2;s=Press_Line.Component.FB_1000Ton_Press_4.TechnicalData.TechnicalProperties.Press.C, , , , 100, -1
ns=2;s=Press_Line.Component.FB_1000Ton_Press_4.TechnicalData.TechnicalProperties.Press.D, , , , 100, -1
ns=2;s=Press_Line.Component.FB_1000Ton_Press_4.TechnicalData.TechnicalProperties.Press.E, , , , 100, -1
ns=2;s=Press_Line.Component.FB_1000Ton_Press_4.TechnicalData.TechnicalProperties.Press.F, , , , 100, -1
ns=2;s=Press_Line.Component.FB_1000Ton_Press_4.TechnicalData.TechnicalProperties.Press.G, , , , 100, -1
ns=2;s=Press_Line.Component.FB_1000Ton_Press_4.TechnicalData.TechnicalProperties.Press.H, , , , 100, -1
ns=2;s=Press_Line.Component.FB_1000Ton_Press_4.TechnicalData.TechnicalProperties.Press.I, , , , 100, -1
ns=2;s=Press_Line.Component.FB_1000Ton_Press_4.TechnicalData.TechnicalProperties.ToolSpace.UpperBolster_a, , , , 100, -1
ns=2;s=Press_Line.Component.FB_1000Ton_Press_4.TechnicalData.TechnicalProperties.ToolSpace.UpperBolster_b, , , , 100, -1
ns=2;s=Press_Line.Component.FB_1000Ton_Press_4.TechnicalData.TechnicalProperties.ToolSpace.UpperBolster_c, , , , 100, -1
ns=2;s=Press_Line.Component.FB_1000Ton_Press_4.TechnicalData.TechnicalProperties.ToolSpace.LowerBolster_e, , , , 100, -1
ns=2;s=Press_Line.Component.FB_1000Ton_Press_4.TechnicalData.TechnicalProperties.ToolSpace.LowerBolster_f, , , , 100, -1
ns=2;s=Press_Line.Component.FB_1000Ton_Press_4.TechnicalData.TechnicalProperties.ToolSpace.LowerBolster_g, , , , 100, -1
ns=2;s=Press_Line.Component.FB_1000Ton_Press_4.TechnicalData.TechnicalProperties.AdapterPlate.X, , , , 100, -1
ns=2;s=Press_Line.Component.FB_1000Ton_Press_4.TechnicalData.TechnicalProperties.AdapterPlate.Y, , , , 100, -1
ns=2;s=Press_Line.Component.FB_1000Ton_Press_4.TechnicalData.TechnicalProperties.AdapterPlate.Z, , , , 100, -1
ns=2;s=Press_Line.Component.FB_1000Ton_Press_4.TechnicalData.TechnicalProperties.AdapterPlate.UpperInsertRing_Du, , , , 100, -1
ns=2;s=Press_Line.Component.FB_1000Ton_Press_4.TechnicalData.TechnicalProperties.AdapterPlate.UpperInsertRing_du, , , , 100, -1
ns=2;s=Press_Line.Component.FB_1000Ton_Press_4.TechnicalData.TechnicalProperties.AdapterPlate.UpperInsertRing_Tu, , , , 100, -1
ns=2;s=Press_Line.Component.FB_1000Ton_Press_4.TechnicalData.TechnicalProperties.AdapterPlate.LowerInsertRing_Dl, , , , 100, -1
ns=2;s=Press_Line.Component.FB_1000Ton_Press_4.TechnicalData.TechnicalProperties.AdapterPlate.LowerInsertRing_dl, , , , 100, -1
ns=2;s=Press_Line.Component.FB_1000Ton_Press_4.TechnicalData.TechnicalProperties.AdapterPlate.LowerInsertRing_Tl, , , , 100, -1
ns=2;s=Press_Line.Component.FB_1000Ton_Press_4.TechnicalData.TechnicalProperties.AdapterPlate.ShutHeight, , , , 100, -1
ns=2;s=Press_Line.Component.FB_1000Ton_Press_4.TechnicalData.TechnicalProperties.AdapterPlate.MaxOpenHeight, , , , 100, -1
ns=2;s=Press_Line.Component.FB_1500Ton_Press.Nameplate.ManufacturerName, , , , 100, -1
ns=2;s=Press_Line.Component.FB_1500Ton_Press.Nameplate.ManufacturerTypName, , , , 100, -1
ns=2;s=Press_Line.Component.FB_1500Ton_Press.Nameplate.PhysicalAddress01.CountryCode, , , , 100, -1
ns=2;s=Press_Line.Component.FB_1500Ton_Press.Nameplate.PhysicalAddress01.Street, , , , 100, -1
ns=2;s=Press_Line.Component.FB_1500Ton_Press.Nameplate.PhysicalAddress01.PostalCode, , , , 100, -1
ns=2;s=Press_Line.Component.FB_1500Ton_Press.Nameplate.PhysicalAddress01.City, , , , 100, -1
ns=2;s=Press_Line.Component.FB_1500Ton_Press.Nameplate.PhysicalAddress01.StateCounty, , , , 100, -1
ns=2;s=Press_Line.Component.FB_1500Ton_Press.Nameplate.SerialNo, , , , 100, -1
ns=2;s=Press_Line.Component.FB_1500Ton_Press.Nameplate.CountryOfOrigin, , , , 100, -1
ns=2;s=Press_Line.Component.FB_1500Ton_Press.Nameplate.YearOfConstruction, , , , 100, -1
ns=2;s=Press_Line.Component.FB_1500Ton_Press.Identification.ManufacturerName, , , , 100, -1
ns=2;s=Press_Line.Component.FB_1500Ton_Press.Identification.ManufacturerTypName, , , , 100, -1
ns=2;s=Press_Line.Component.FB_1500Ton_Press.Identification.ManufacturerTypDescription, , , , 100, -1
ns=2;s=Press_Line.Component.FB_1500Ton_Press.Identification.SupplierName, , , , 100, -1
ns=2;s=Press_Line.Component.FB_1500Ton_Press.Identification.SupplierTypName, , , , 100, -1
ns=2;s=Press_Line.Component.FB_1500Ton_Press.Identification.SupplierTypDescription, , , , 100, -1
ns=2;s=Press_Line.Component.FB_1500Ton_Press.Identification.AssetId, , , , 100, -1
ns=2;s=Press_Line.Component.FB_1500Ton_Press.Identification.ManufacturingDate, , , , 100, -1
ns=2;s=Press_Line.Component.FB_1500Ton_Press.Identification.DeviceRevision, , , , 100, -1
ns=2;s=Press_Line.Component.FB_1500Ton_Press.Identification.SoftwareRevision, , , , 100, -1
ns=2;s=Press_Line.Component.FB_1500Ton_Press.Identification.HardwareRevision, , , , 100, -1
ns=2;s=Press_Line.Component.FB_1500Ton_Press.Identification.ContactInfo01.Name, , , , 100, -1
ns=2;s=Press_Line.Component.FB_1500Ton_Press.Identification.ContactInfo01.Role, , , , 100, -1
ns=2;s=Press_Line.Component.FB_1500Ton_Press.Identification.ContactInfo01.PhysicalAddress.CountryCode, , , , 100, -1
ns=2;s=Press_Line.Component.FB_1500Ton_Press.Identification.ContactInfo01.PhysicalAddress.Street, , , , 100, -1
ns=2;s=Press_Line.Component.FB_1500Ton_Press.Identification.ContactInfo01.PhysicalAddress.PostalCode, , , , 100, -1
ns=2;s=Press_Line.Component.FB_1500Ton_Press.Identification.ContactInfo01.PhysicalAddress.City, , , , 100, -1
ns=2;s=Press_Line.Component.FB_1500Ton_Press.Identification.ContactInfo01.PhysicalAddress.StateCountry, , , , 100, -1
ns=2;s=Press_Line.Component.FB_1500Ton_Press.Identification.ContactInfo01.Email, , , , 100, -1
ns=2;s=Press_Line.Component.FB_1500Ton_Press.Identification.ContactInfo01.URL, , , , 100, -1
ns=2;s=Press_Line.Component.FB_1500Ton_Press.Identification.ContactInfo01.Phone, , , , 100, -1
ns=2;s=Press_Line.Component.FB_1500Ton_Press.Identification.ContactInfo01.Fax, , , , 100, -1
ns=2;s=Press_Line.Component.FB_1500Ton_Press.Identification.URL, , , , 100, -1
ns=2;s=Press_Line.Component.FB_1500Ton_Press.OperationalData.MainPressAct, , , , 100, -1
ns=2;s=Press_Line.Component.FB_1500Ton_Press.OperationalData.VRingPressAct, , , , 100, -1
ns=2;s=Press_Line.Component.FB_1500Ton_Press.OperationalData.CounterPressAct, , , , 100, -1
ns=2;s=Press_Line.Component.FB_1500Ton_Press.OperationalData.StrokeCounter, , , , 100, -1
ns=2;s=Press_Line.Component.FB_1500Ton_Press.OperationalData.OilTemperature, , , , 100, -1
ns=2;s=Press_Line.Component.FB_1500Ton_Press.OperationalData.AI0_Vibration, , , , 100, -1
ns=2;s=Press_Line.Component.FB_1500Ton_Press.OperationalData.AI1_Vibration, , , , 100, -1
ns=2;s=Press_Line.Component.FB_1500Ton_Press.OperationalData.AI2_Current, , , , 100, -1
ns=2;s=Press_Line.Component.FB_1500Ton_Press.TechnicalData.GeneralInformation.ManufacturerName, , , , 100, -1
ns=2;s=Press_Line.Component.FB_1500Ton_Press.TechnicalData.GeneralInformation.ManufacturerProductDesignation, , , , 100, -1
ns=2;s=Press_Line.Component.FB_1500Ton_Press.TechnicalData.TechnicalProperties.Forces.TotalForce, , , , 100, -1
ns=2;s=Press_Line.Component.FB_1500Ton_Press.TechnicalData.TechnicalProperties.Forces.V-ringForce, , , , 100, -1
ns=2;s=Press_Line.Component.FB_1500Ton_Press.TechnicalData.TechnicalProperties.Forces.CounterForce, , , , 100, -1
ns=2;s=Press_Line.Component.FB_1500Ton_Press.TechnicalData.TechnicalProperties.Forces.Cutter-CutterForce, , , , 100, -1
ns=2;s=Press_Line.Component.FB_1500Ton_Press.TechnicalData.TechnicalProperties.Forces.StrokeLength, , , , 100, -1
ns=2;s=Press_Line.Component.FB_1500Ton_Press.TechnicalData.TechnicalProperties.Forces.MaxStroke, , , , 100, -1
ns=2;s=Press_Line.Component.FB_1500Ton_Press.TechnicalData.TechnicalProperties.Forces.CuttingSpeed, , , , 100, -1
ns=2;s=Press_Line.Component.FB_1500Ton_Press.TechnicalData.TechnicalProperties.Forces.MaxApprochSpeed, , , , 100, -1
ns=2;s=Press_Line.Component.FB_1500Ton_Press.TechnicalData.TechnicalProperties.Forces.MaxDecentSpeed, , , , 100, -1
ns=2;s=Press_Line.Component.FB_1500Ton_Press.TechnicalData.TechnicalProperties.Material.MinSheetLength, , , , 100, -1
ns=2;s=Press_Line.Component.FB_1500Ton_Press.TechnicalData.TechnicalProperties.Material.MinSheetWidth, , , , 100, -1
ns=2;s=Press_Line.Component.FB_1500Ton_Press.TechnicalData.TechnicalProperties.Material.MinSheetThickness, , , , 100, -1
ns=2;s=Press_Line.Component.FB_1500Ton_Press.TechnicalData.TechnicalProperties.ElectricPower.TotalPower, , , , 100, -1
ns=2;s=Press_Line.Component.FB_1500Ton_Press.TechnicalData.TechnicalProperties.ElectricPower.MainDrive, , , , 100, -1
ns=2;s=Press_Line.Component.FB_1500Ton_Press.TechnicalData.TechnicalProperties.Hydrauric.OilCooler, , , , 100, -1
ns=2;s=Press_Line.Component.FB_1500Ton_Press.TechnicalData.TechnicalProperties.Hydrauric.OilTankCapacity, , , , 100, -1
ns=2;s=Press_Line.Component.FB_1500Ton_Press.TechnicalData.TechnicalProperties.Press.A, , , , 100, -1
ns=2;s=Press_Line.Component.FB_1500Ton_Press.TechnicalData.TechnicalProperties.Press.B, , , , 100, -1
ns=2;s=Press_Line.Component.FB_1500Ton_Press.TechnicalData.TechnicalProperties.Press.C, , , , 100, -1
ns=2;s=Press_Line.Component.FB_1500Ton_Press.TechnicalData.TechnicalProperties.Press.D, , , , 100, -1
ns=2;s=Press_Line.Component.FB_1500Ton_Press.TechnicalData.TechnicalProperties.Press.E, , , , 100, -1
ns=2;s=Press_Line.Component.FB_1500Ton_Press.TechnicalData.TechnicalProperties.Press.F, , , , 100, -1
ns=2;s=Press_Line.Component.FB_1500Ton_Press.TechnicalData.TechnicalProperties.Press.G, , , , 100, -1
ns=2;s=Press_Line.Component.FB_1500Ton_Press.TechnicalData.TechnicalProperties.Press.H, , , , 100, -1
ns=2;s=Press_Line.Component.FB_1500Ton_Press.TechnicalData.TechnicalProperties.Press.I, , , , 100, -1
ns=2;s=Press_Line.Component.FB_1500Ton_Press.TechnicalData.TechnicalProperties.ToolSpace.UpperBolster_a, , , , 100, -1
ns=2;s=Press_Line.Component.FB_1500Ton_Press.TechnicalData.TechnicalProperties.ToolSpace.UpperBolster_b, , , , 100, -1
ns=2;s=Press_Line.Component.FB_1500Ton_Press.TechnicalData.TechnicalProperties.ToolSpace.UpperBolster_c, , , , 100, -1
ns=2;s=Press_Line.Component.FB_1500Ton_Press.TechnicalData.TechnicalProperties.ToolSpace.LowerBolster_e, , , , 100, -1
ns=2;s=Press_Line.Component.FB_1500Ton_Press.TechnicalData.TechnicalProperties.ToolSpace.LowerBolster_f, , , , 100, -1
ns=2;s=Press_Line.Component.FB_1500Ton_Press.TechnicalData.TechnicalProperties.ToolSpace.LowerBolster_g, , , , 100, -1
ns=2;s=Press_Line.Component.FB_1500Ton_Press.TechnicalData.TechnicalProperties.AdapterPlate.X, , , , 100, -1
ns=2;s=Press_Line.Component.FB_1500Ton_Press.TechnicalData.TechnicalProperties.AdapterPlate.Y, , , , 100, -1
ns=2;s=Press_Line.Component.FB_1500Ton_Press.TechnicalData.TechnicalProperties.AdapterPlate.Z, , , , 100, -1
ns=2;s=Press_Line.Component.FB_1500Ton_Press.TechnicalData.TechnicalProperties.AdapterPlate.UpperInsertRing_Du, , , , 100, -1
ns=2;s=Press_Line.Component.FB_1500Ton_Press.TechnicalData.TechnicalProperties.AdapterPlate.UpperInsertRing_du, , , , 100, -1
ns=2;s=Press_Line.Component.FB_1500Ton_Press.TechnicalData.TechnicalProperties.AdapterPlate.UpperInsertRing_Tu, , , , 100, -1
ns=2;s=Press_Line.Component.FB_1500Ton_Press.TechnicalData.TechnicalProperties.AdapterPlate.LowerInsertRing_Dl, , , , 100, -1
ns=2;s=Press_Line.Component.FB_1500Ton_Press.TechnicalData.TechnicalProperties.AdapterPlate.LowerInsertRing_dl, , , , 100, -1
ns=2;s=Press_Line.Component.FB_1500Ton_Press.TechnicalData.TechnicalProperties.AdapterPlate.LowerInsertRing_Tl, , , , 100, -1
ns=2;s=Press_Line.Component.FB_1500Ton_Press.TechnicalData.TechnicalProperties.AdapterPlate.ShutHeight, , , , 100, -1
ns=2;s=Press_Line.Component.FB_1500Ton_Press.TechnicalData.TechnicalProperties.AdapterPlate.MaxOpenHeight, , , , 100, -1
