{
	"namespaces":
	[
		{ "ns_index":1, "ns":"urn:open62541.server.application", "aas_id":"-" },
		{ "ns_index":2, "ns":"https://www.smart-factory.kr/datasolution", "aas_id":"-" }
	],
	"system":
	[
		{
			"GatewayName": "SAMBOMOTORS_GW",
			"NetworkConnection": "opc.tcp://211.210.43.72:4840",
			"SamplingInterval": "100.0",
			"FieldDevices" :
			[
				{
					"DeviceName": "PressLine",
					"NetworkConnection": "opc.tcp://172.16.1.85:49320",
					"SamplingInterval": "100.0"
				}
			]
		}
	]
}